OBJECTID,ALTERNATE,ROUTENAME,COMMENTS,ALTERNATEFREQUENCYCOMMENT,ROUTENO,BUSROUTE,SHAPE_Length,CREATED_USER,CREATED_DATE,LAST_EDITED_USER,LAST_EDITED_DATE,FREQUENTNETWORKFLAG
1,ABERDEEN,CITY CENTRE TO ABERDEEN,,,7,,464.252520826503,,,CCARRELLI,2018-05-10T16:57:48.000Z,YES
2,ABERDEEN,CITY CENTRE TO ABERDEEN,,,7,,270.250311255432,,,CCARRELLI,2018-05-10T17:05:14.000Z,NO
3,ABERDEEN,CITY CENTRE TO ABERDEEN,,,7,,495.673062374074,,,CCARRELLI,2018-05-10T16:55:38.000Z,YES
4,ABERDEEN,CITY CENTRE TO ABERDEEN,,,7,,273.604113837334,,,CCARRELLI,2018-05-10T17:00:36.000Z,NO
5,ABERDEEN,CITY CENTRE TO ABERDEEN,,,7,,242.817864783268,,,CCARRELLI,2018-05-10T16:54:43.000Z,YES
6,ABERDEEN,CITY CENTRE TO ABERDEEN,,,7,,104.309401430552,,,CCARRELLI,2018-05-10T16:55:30.000Z,YES
7,GLENEAGLES,GLENEAGLES,,,9,,426.555508898113,,,CCARRELLI,2018-05-10T16:59:00.000Z,YES
8,WESTSYDE,WESTSYDE,,,3,,100.734057607498,,,CCARRELLI,2018-05-10T16:43:05.000Z,YES
9,GLENEAGLES,GLENEAGLES,,,9,,3182.90489339227,,,CCARRELLI,2018-05-10T16:55:00.000Z,NO
10,WESTSYDE,WESTSYDE,,,3,,279.600821141251,,,CCARRELLI,2018-05-10T16:45:45.000Z,YES
11,WESTSYDE,WESTSYDE,,,3,,46.005603328852,,,CCARRELLI,2018-05-10T16:45:14.000Z,YES
12,WESTSYDE,WESTSYDE,,,3,,69.188256667525,,,CCARRELLI,2018-05-10T16:38:56.000Z,YES
13,WESTSYDE,WESTSYDE,,,3,,36.3608288648014,,,CCARRELLI,2018-05-10T16:38:56.000Z,YES
14,WESTSYDE,WESTSYDE,,,3,,15.2730036666527,,,CCARRELLI,2018-05-10T16:38:56.000Z,YES
15,WESTSYDE,WESTSYDE,,,3,,45.4918158121022,,,CCARRELLI,2018-05-10T16:38:56.000Z,YES
16,WESTSYDE,WESTSYDE,,,3,,57.0642534968541,,,CCARRELLI,2018-05-10T16:45:24.000Z,YES
17,WESTSYDE,WESTSYDE,,,3,,22.8594549343761,,,CCARRELLI,2018-05-10T16:38:56.000Z,YES
18,WESTSYDE,WESTSYDE,,,3,,156.05117782888,,,CCARRELLI,2018-05-10T16:38:42.000Z,YES
19,TRANQUILLE,TRANQUILLE,,,1,,1284.50902505019,CCARRELLI,2018-05-10T16:46:24.000Z,CCARRELLI,2018-05-10T16:47:17.000Z,YES
20,TRANQUILLE,TRANQUILLE,,,1,,507.620412323899,CCARRELLI,2018-05-10T16:46:24.000Z,CCARRELLI,2018-05-10T16:46:24.000Z,YES
21,TRANQUILLE,TRANQUILLE,,,1,,519.751145331901,CCARRELLI,2018-05-10T16:46:24.000Z,CCARRELLI,2018-05-10T16:46:24.000Z,YES
22,TRANQUILLE,TRANQUILLE,,,1,,527.901212666488,CCARRELLI,2018-05-10T16:46:24.000Z,CCARRELLI,2018-05-10T16:46:24.000Z,YES
23,PARKCREST,PARKCREST,,,2,,1440.14511332849,CCARRELLI,2018-05-10T16:46:49.000Z,CCARRELLI,2018-05-10T16:46:49.000Z,NO
24,GLENEAGLES,GLENEAGLES,,,9,,463.653481429175,,,CCARRELLI,2018-05-10T16:57:48.000Z,YES
25,GLENEAGLES,GLENEAGLES,,,9,,1379.01523848908,,,CCARRELLI,2018-05-10T17:02:13.000Z,YES
26,GLENEAGLES,GLENEAGLES,,,9,,1003.10265166316,,,CCARRELLI,2018-05-10T17:02:23.000Z,NO
27,NORTH SHORE TRU EXP,NORTH SHORE TRU EXPRESS,,,10,,289.170936876698,,,CCARRELLI,2018-05-10T16:57:48.000Z,YES
28,NORTH SHORE TRU EXP,NORTH SHORE TRU EXPRESS,,,10,,71.9903628719945,,,CCARRELLI,2018-05-10T16:58:04.000Z,YES
29,NORTH SHORE TRU EXP,NORTH SHORE TRU EXPRESS,,,10,,59.1317617293291,,,CCARRELLI,2018-05-10T16:48:14.000Z,YES
30,NORTH SHORE TRU EXP,NORTH SHORE TRU EXPRESS,,,10,,267.94625659532,,,CCARRELLI,2018-05-10T16:58:04.000Z,YES
31,NORTH SHORE TRU EXP,NORTH SHORE TRU EXPRESS,,,10,,279.572954352709,,,CCARRELLI,2018-05-10T16:45:45.000Z,YES
32,YELLOWHEAD,YELLOWHEAD,,,13,,25.6907139720503,,,CCARRELLI,2018-05-10T16:44:51.000Z,YES
33,BATTLE,BATTLE,,,8,,859.673829855235,,,CCARRELLI,2018-05-10T17:11:13.000Z,NO
34,GLENEAGLES,GLENEAGLES,,,9,,1004.52670706532,CCARRELLI,2018-05-10T17:08:26.000Z,CCARRELLI,2018-05-10T17:08:26.000Z,YES
35,GLENEAGLES,GLENEAGLES,,,9,,319.681591387648,CCARRELLI,2018-05-10T17:08:26.000Z,CCARRELLI,2018-05-10T17:08:26.000Z,YES
36,ABERDEEN,CITY CENTRE TO ABERDEEN,,,7,,170.882862767772,,,CCARRELLI,2018-05-10T17:11:22.000Z,YES
37,CITY LOOP,CITY LOOP,,,6,,159.149357610145,,,CCARRELLI,2018-05-10T17:11:22.000Z,YES
38,CITY LOOP,CITY LOOP,,,6,,1532.30560203186,CCARRELLI,2018-05-10T17:08:38.000Z,CCARRELLI,2018-05-10T17:08:38.000Z,NO
39,BATTLE,BATTLE,,,8,,300.445489530318,CCARRELLI,2018-05-10T17:11:13.000Z,CCARRELLI,2018-05-10T17:11:22.000Z,YES
40,CITY LOOP,CITY LOOP,SUNDAY ROUTING NO HOSPITAL SERVICE,,6,,171.893918568247,,,CCARRELLI,2018-05-10T17:09:13.000Z,YES
41,ABERDEEN,CITY CENTRE TO ABERDEEN,,,7,,171.893918568247,,,CCARRELLI,2018-05-10T17:09:13.000Z,YES
42,GLENEAGLES,GLENEAGLES,,,9,,171.897177446281,CCARRELLI,2018-05-10T17:09:01.000Z,CCARRELLI,2018-05-10T17:09:13.000Z,YES
43,ABERDEEN,CITY CENTRE TO ABERDEEN,,,7,,53.33708142929,,,CCARRELLI,2018-05-10T17:11:57.000Z,YES
44,CITY LOOP,CITY LOOP,,,6,,183.961098490904,CCARRELLI,2018-05-10T17:11:45.000Z,CCARRELLI,2018-05-10T17:11:57.000Z,YES
45,DALLAS,DALLAS,,,17,,199.114634732755,,,CCARRELLI,2018-05-10T17:12:12.000Z,YES
46,JUNIPER RIDGE,JUNIPER RIDGE,,,16,,900.466828750191,CCARRELLI,2018-05-10T17:42:02.000Z,CCARRELLI,2018-05-10T17:42:09.000Z,YES
47,DALLAS,DALLAS,,,17,,101.82029057677,,,CCARRELLI,2018-05-10T17:12:23.000Z,YES
48,ABERDEEN,CITY CENTRE TO ABERDEEN,,,7,,48.2771902939269,,,CCARRELLI,2018-05-10T17:42:34.000Z,YES
49,,,This is a potential future route.,,,,1573.83425225644,CCARRELLI,2018-05-10T18:25:14.000Z,CCARRELLI,2018-05-10T18:27:21.000Z,NO
50,ABERDEEN,CITY CENTRE TO ABERDEEN,,,7,,48.5441297505839,,,CCARRELLI,2018-05-10T17:43:09.000Z,YES
51,BATTLE,BATTLE,,,8,,95.6341689191863,CCARRELLI,2018-05-10T17:13:26.000Z,CCARRELLI,2018-05-10T17:13:32.000Z,NO
52,WESTSYDE,WESTSYDE,,,3,,171.243895604659,,,CCARRELLI,2018-05-10T17:13:51.000Z,YES
53,ABERDEEN,CITY CENTRE TO ABERDEEN,,,7,,50.8685783980224,,,CCARRELLI,2018-05-10T17:43:09.000Z,YES
54,JUNIPER RIDGE,JUNIPER RIDGE,,,16,,393.989575139907,CCARRELLI,2018-05-10T17:10:49.000Z,CCARRELLI,2018-05-10T17:43:09.000Z,YES
55,DALLAS,DALLAS,,,17,,169.752608612666,,,CCARRELLI,2018-05-10T17:44:42.000Z,YES
56,CITY LOOP,CITY LOOP,,,6,,89.0596640115635,CCARRELLI,2018-05-10T17:10:18.000Z,CCARRELLI,2018-05-10T17:10:18.000Z,NO
57,,,This is a potential future route.,,,,5433.07830770224,CCARRELLI,2018-05-10T18:25:14.000Z,CCARRELLI,2018-05-10T18:27:21.000Z,NO
58,,,This is a potential future route.,,,,1127.47220605187,CCARRELLI,2018-05-10T18:26:14.000Z,CCARRELLI,2018-05-10T18:27:30.000Z,NO
59,CITY LOOP,CITY LOOP,,,6,,230.149276095023,,,CCARRELLI,2018-05-10T17:10:29.000Z,NO
60,GLENEAGLES,GLENEAGLES,,,9,,392.987643323615,CCARRELLI,2018-05-10T17:08:26.000Z,CCARRELLI,2018-05-10T17:10:29.000Z,NO
61,CITY LOOP,CITY LOOP,,,6,,164.757894383262,CCARRELLI,2018-05-10T17:08:38.000Z,CCARRELLI,2018-05-10T17:10:29.000Z,NO
62,JUNIPER RIDGE,JUNIPER RIDGE,,,16,,343.349197082013,CCARRELLI,2018-05-10T17:14:50.000Z,CCARRELLI,2018-05-10T17:44:42.000Z,YES
63,PARKCREST,PARKCREST,,,2,,462.06055530585,CCARRELLI,2018-05-10T16:46:49.000Z,CCARRELLI,2018-05-10T16:47:52.000Z,NO
64,PARKCREST,PARKCREST,,,2,,187.343141636082,CCARRELLI,2018-05-10T16:46:49.000Z,CCARRELLI,2018-05-10T16:46:49.000Z,NO
65,DALLAS,DALLAS,,,17,,626.246090120231,CCARRELLI,2018-05-10T17:12:39.000Z,CCARRELLI,2018-05-10T17:12:39.000Z,NO
66,ABERDEEN,CITY CENTRE TO ABERDEEN,,,7,,49.5578165804587,,,CCARRELLI,2018-05-10T17:42:34.000Z,YES
67,JUNIPER RIDGE,JUNIPER RIDGE,,,16,,626.246508117893,CCARRELLI,2018-05-10T17:12:46.000Z,CCARRELLI,2018-05-10T17:12:46.000Z,NO
68,ABERDEEN,CITY CENTRE TO ABERDEEN,,,7,,49.1543952846007,,,CCARRELLI,2018-05-10T17:42:34.000Z,YES
69,ABERDEEN,CITY CENTRE TO ABERDEEN,,,7,,51.7734843290656,,,CCARRELLI,2018-05-10T17:42:34.000Z,YES
70,CITY LOOP,CITY LOOP,,,6,,202.419654674113,,,CCARRELLI,2018-05-10T17:42:51.000Z,NO
71,JUNIPER RIDGE,JUNIPER RIDGE,,,16,,179.639860601997,CCARRELLI,2018-05-10T17:42:45.000Z,CCARRELLI,2018-05-10T17:42:51.000Z,NO
72,ABERDEEN,CITY CENTRE TO ABERDEEN,,,7,,47.0703604539258,,,CCARRELLI,2018-05-10T17:43:02.000Z,YES
73,ABERDEEN,CITY CENTRE TO ABERDEEN,,,7,,48.7417518652009,,,CCARRELLI,2018-05-10T17:43:09.000Z,YES
74,DALLAS,DALLAS,,,17,,975.804489522749,,,CCARRELLI,2018-05-10T17:13:11.000Z,YES
75,DALLAS,DALLAS,,,17,,115.684212165606,,,CCARRELLI,2018-05-10T17:13:11.000Z,YES
76,DALLAS,DALLAS,,,17,,31.5472099483158,,,CCARRELLI,2018-05-10T17:13:11.000Z,YES
77,JUNIPER RIDGE,JUNIPER RIDGE,,,16,,984.564231877582,CCARRELLI,2018-05-10T17:10:49.000Z,CCARRELLI,2018-05-10T17:13:11.000Z,YES
78,NORTH SHORE TRU EXP,NORTH SHORE TRU EXPRESS,,,10,,323.371152925537,,,CCARRELLI,2018-05-10T16:46:03.000Z,YES
79,DALLAS,DALLAS,,,17,,1186.57053026568,,,CCARRELLI,2018-05-10T16:35:52.000Z,YES
80,PACIFIC WAY,PACIFIC WAY,,,4,,80.260129310785,,,CCARRELLI,2018-05-10T17:03:52.000Z,NO
81,JUNIPER RIDGE,JUNIPER RIDGE,,,16,,3370.98691669913,,,CCARRELLI,2018-05-10T16:35:27.000Z,NO
82,PACIFIC WAY,PACIFIC WAY,,,4,,429.579396870908,,,CCARRELLI,2018-05-10T16:58:45.000Z,YES
83,PACIFIC WAY,PACIFIC WAY,<Null>,,4,,553.182947510544,,,CCARRELLI,2018-05-10T16:59:54.000Z,YES
84,ABERDEEN,CITY CENTRE TO ABERDEEN,<Null>,,7,,550.96125456926,,,CCARRELLI,2018-05-10T16:58:19.000Z,YES
85,GLENEAGLES,GLENEAGLES,<Null>,,9,,553.288476130991,,,CCARRELLI,2018-05-10T16:58:29.000Z,YES
86,NORTH SHORE TRU EXP,NORTH SHORE TRU EXPRESS,,,10,,174.944339024929,,,CCARRELLI,2018-05-10T16:58:04.000Z,YES
87,NORTH SHORE TRU EXP,NORTH SHORE TRU EXPRESS,,,10,,25.4803940764085,,,CCARRELLI,2018-05-10T16:58:04.000Z,YES
88,NORTH SHORE TRU EXP,NORTH SHORE TRU EXPRESS,<Null>,,10,,547.307828450251,,,CCARRELLI,2018-05-10T16:57:48.000Z,YES
89,PACIFIC WAY,PACIFIC WAY,,,4,,194.921626051035,,,CCARRELLI,2018-05-10T17:04:14.000Z,YES
90,ABERDEEN,CITY CENTRE TO ABERDEEN,,,7,,48.8035525804509,,,CCARRELLI,2018-05-10T16:54:43.000Z,YES
91,ABERDEEN,CITY CENTRE TO ABERDEEN,,,7,,229.893202499624,,,CCARRELLI,2018-05-10T16:54:43.000Z,YES
92,PINEVIEW,PINEVIEW,,,5,,170.610836172904,,,CCARRELLI,2018-05-10T17:04:24.000Z,YES
93,PINEVIEW,PINEVIEW,,,5,,445.896468314816,,,CCARRELLI,2018-05-10T17:05:14.000Z,NO
94,PINEVIEW,PINEVIEW,,,5,,144.805598484271,,,CCARRELLI,2018-05-10T17:03:30.000Z,YES
95,PACIFIC WAY,PACIFIC WAY,,,4,,144.80559848417,,,CCARRELLI,2018-05-10T17:03:30.000Z,YES
96,YELLOWHEAD,YELLOWHEAD,,,13,,21008.4304425732,,,CCARRELLI,2018-05-10T16:42:17.000Z,NO
97,WESTSYDE,WESTSYDE,,,3,,146.032288712091,,,CCARRELLI,2018-05-10T16:39:16.000Z,YES
98,WESTSYDE,WESTSYDE,,,3,,150.84929967063,,,CCARRELLI,2018-05-10T16:39:16.000Z,YES
99,WESTSYDE,WESTSYDE,,,3,,56.5643762227259,,,CCARRELLI,2018-05-10T16:39:16.000Z,YES
100,NORTH SHORE TRU EXP,NORTH SHORE TRU EXPRESS,,,10,,268.65520281291,,,CCARRELLI,2018-05-10T16:47:17.000Z,YES
101,NORTH SHORE TRU EXP,NORTH SHORE TRU EXPRESS,,,10,,91.6279967191321,,,CCARRELLI,2018-05-10T16:47:17.000Z,YES
102,NORTH SHORE TRU EXP,NORTH SHORE TRU EXPRESS,,,10,,83.1313894322604,,,CCARRELLI,2018-05-10T16:47:00.000Z,YES
103,NORTH SHORE TRU EXP,NORTH SHORE TRU EXPRESS,,,10,,104.642593535552,,,CCARRELLI,2018-05-10T16:47:17.000Z,YES
104,NORTH SHORE TRU EXP,NORTH SHORE TRU EXPRESS,,,10,,153.08764373524,,,CCARRELLI,2018-05-10T16:47:00.000Z,YES
105,NORTH SHORE TRU EXP,NORTH SHORE TRU EXPRESS,,,10,,51.0229541693747,,,CCARRELLI,2018-05-10T16:47:00.000Z,YES
106,NORTH SHORE TRU EXP,NORTH SHORE TRU EXPRESS,,,10,,114.527271270699,,,CCARRELLI,2018-05-10T16:47:17.000Z,YES
107,NORTH SHORE TRU EXP,NORTH SHORE TRU EXPRESS,,,10,,23.8621494022164,,,CCARRELLI,2018-05-10T16:47:01.000Z,YES
108,NORTH SHORE TRU EXP,NORTH SHORE TRU EXPRESS,,,10,,145.04296406644,,,CCARRELLI,2018-05-10T16:47:17.000Z,YES
109,NORTH SHORE TRU EXP,NORTH SHORE TRU EXPRESS,,,10,,83.0968823982731,,,CCARRELLI,2018-05-10T16:48:06.000Z,YES
110,NORTH SHORE TRU EXP,NORTH SHORE TRU EXPRESS,,,10,,92.9262563924137,,,CCARRELLI,2018-05-10T16:48:06.000Z,YES
111,NORTH SHORE TRU EXP,NORTH SHORE TRU EXPRESS,,,10,,147.081606011317,,,CCARRELLI,2018-05-10T16:47:34.000Z,YES
112,PINEVIEW,PINEVIEW,,,5,,840.330637005625,,,CCARRELLI,2018-05-10T16:59:39.000Z,YES
113,YELLOWHEAD,YELLOWHEAD,,,13,,239.047287914507,,,CCARRELLI,2018-05-10T16:44:51.000Z,YES
114,YELLOWHEAD,YELLOWHEAD,,,13,,23.853349910451,,,CCARRELLI,2018-05-10T16:44:51.000Z,YES
115,YELLOWHEAD,YELLOWHEAD,,,13,,23.8534762789372,,,CCARRELLI,2018-05-10T16:44:51.000Z,YES
116,YELLOWHEAD,YELLOWHEAD,,,13,,41.8537646357936,,,CCARRELLI,2018-05-10T16:44:51.000Z,YES
117,YELLOWHEAD,YELLOWHEAD,,,13,,41.8532078995449,,,CCARRELLI,2018-05-10T16:44:51.000Z,YES
118,YELLOWHEAD,YELLOWHEAD,,,13,,25.6906157123827,,,CCARRELLI,2018-05-10T16:44:51.000Z,YES
119,BATTLE,BATTLE,,,8,,2127.78736743956,,,CCARRELLI,2018-05-10T17:02:04.000Z,NO
120,WESTSYDE,WESTSYDE,,,3,,42.5956149993833,,,CCARRELLI,2018-05-10T16:39:16.000Z,YES
121,WESTSYDE,WESTSYDE,,,3,,126.373222294823,,,CCARRELLI,2018-05-10T16:38:30.000Z,YES
122,BATCHELOR HILLS,BATCHELOR HILLS,,,14,,86.887455240185,,,CCARRELLI,2018-05-10T16:42:29.000Z,YES
123,BATCHELOR HILLS,BATCHELOR HILLS,,,14,,138.13676824176,,,CCARRELLI,2018-05-10T16:44:51.000Z,YES
124,WESTSYDE,WESTSYDE,,,3,,81.1429842332414,,,CCARRELLI,2018-05-10T16:38:56.000Z,YES
125,WESTSYDE,WESTSYDE,,,3,,133.387879506573,,,CCARRELLI,2018-05-10T16:46:03.000Z,YES
126,WESTSYDE,WESTSYDE,,,3,,526.846225294743,,,CCARRELLI,2018-05-10T16:38:42.000Z,YES
127,WESTSYDE,WESTSYDE,,,3,,142.182845481347,,,CCARRELLI,2018-05-10T16:42:49.000Z,YES
128,WESTSYDE,WESTSYDE,,,3,,95.183438057639,,,CCARRELLI,2018-05-10T16:40:05.000Z,YES
129,WESTSYDE,WESTSYDE,,,3,,132.532288758504,,,CCARRELLI,2018-05-10T16:38:56.000Z,YES
130,WESTSYDE,WESTSYDE,,,3,,16.5241543017268,,,CCARRELLI,2018-05-10T16:38:56.000Z,YES
131,WESTSYDE,WESTSYDE,,,3,,37.3615930782245,,,CCARRELLI,2018-05-10T16:44:35.000Z,YES
132,WESTSYDE,WESTSYDE,,,3,,86.8913645753534,,,CCARRELLI,2018-05-10T16:42:29.000Z,YES
133,WESTSYDE,WESTSYDE,,,3,,53.7615378591553,,,CCARRELLI,2018-05-10T16:45:24.000Z,YES
134,WESTSYDE,WESTSYDE,,,3,,84.7360160459942,,,CCARRELLI,2018-05-10T16:44:51.000Z,YES
135,WESTSYDE,WESTSYDE,,,3,,284.440017675493,,,CCARRELLI,2018-05-10T16:38:56.000Z,YES
136,WESTSYDE,WESTSYDE,,,3,,11.9751042790065,,,CCARRELLI,2018-05-10T16:45:45.000Z,YES
137,WESTSYDE,WESTSYDE,,,3,,49.7799593602424,,,CCARRELLI,2018-05-10T16:38:56.000Z,YES
138,WESTSYDE,WESTSYDE,,,3,,42.0652250844844,,,CCARRELLI,2018-05-10T16:38:56.000Z,YES
139,WESTSYDE,WESTSYDE,,,3,,20.9074982215701,,,CCARRELLI,2018-05-10T16:45:14.000Z,YES
140,WESTSYDE,WESTSYDE,,,3,,213.860182926859,,,CCARRELLI,2018-05-10T16:38:56.000Z,YES
141,WESTSYDE,WESTSYDE,,,3,,34.6915443510321,,,CCARRELLI,2018-05-10T16:45:14.000Z,YES
142,WESTSYDE,WESTSYDE,,,3,,44.4501959410638,,,CCARRELLI,2018-05-10T16:45:24.000Z,YES
143,WESTSYDE,WESTSYDE,,,3,,45.9512353072282,,,CCARRELLI,2018-05-10T16:38:56.000Z,YES
144,WESTSYDE,WESTSYDE,,,3,,19.349988902082,,,CCARRELLI,2018-05-10T16:40:05.000Z,YES
145,WESTSYDE,WESTSYDE,,,3,,86.2727612478601,,,CCARRELLI,2018-05-10T16:45:14.000Z,YES
146,WESTSYDE,WESTSYDE,,,3,,262.74528922567,,,CCARRELLI,2018-05-10T16:38:56.000Z,YES
147,WESTSYDE,WESTSYDE,,,3,,94.4756708292612,,,CCARRELLI,2018-05-10T16:38:56.000Z,YES
148,WESTSYDE,WESTSYDE,,,3,,79.0189287721688,,,CCARRELLI,2018-05-10T16:38:56.000Z,YES
149,WESTSYDE,WESTSYDE,,,3,,61.0828836000942,,,CCARRELLI,2018-05-10T16:46:03.000Z,YES
150,WESTSYDE,WESTSYDE,,,3,,103.123670940028,,,CCARRELLI,2018-05-10T16:42:49.000Z,YES
151,WESTSYDE,WESTSYDE,,,3,,65.5696454478192,,,CCARRELLI,2018-05-10T16:45:14.000Z,YES
152,WESTSYDE,WESTSYDE,,,3,,85.8380326496417,,,CCARRELLI,2018-05-10T16:42:49.000Z,YES
153,WESTSYDE,WESTSYDE,,,3,,100.3080845766,,,CCARRELLI,2018-05-10T16:43:15.000Z,YES
154,WESTSYDE,WESTSYDE,,,3,,150.253385422611,,,CCARRELLI,2018-05-10T16:38:56.000Z,YES
155,WESTSYDE,WESTSYDE,,,3,,108.729650867078,,,CCARRELLI,2018-05-10T16:38:56.000Z,YES
156,WESTSYDE,WESTSYDE,,,3,,162.503127972459,,,CCARRELLI,2018-05-10T16:46:03.000Z,YES
157,WESTSYDE,WESTSYDE,,,3,,363.404709548619,,,CCARRELLI,2018-05-10T16:38:56.000Z,YES
158,WESTSYDE,WESTSYDE,,,3,,97.2162164062506,,,CCARRELLI,2018-05-10T16:38:56.000Z,YES
159,WESTSYDE,WESTSYDE,,,3,,244.061324479218,,,CCARRELLI,2018-05-10T16:38:30.000Z,YES
160,WESTSYDE,WESTSYDE,,,3,,157.396307001403,,,CCARRELLI,2018-05-10T16:44:51.000Z,YES
161,WESTSYDE,WESTSYDE,,,3,,38.2557501362725,,,CCARRELLI,2018-05-10T16:44:35.000Z,YES
162,WESTSYDE,WESTSYDE,,,3,,113.258986879723,,,CCARRELLI,2018-05-10T16:39:49.000Z,YES
163,WESTSYDE,WESTSYDE,,,3,,56.6486889147637,,,CCARRELLI,2018-05-10T16:45:14.000Z,YES
164,WESTSYDE,WESTSYDE,,,3,,208.273361765262,,,CCARRELLI,2018-05-10T16:38:30.000Z,YES
165,WESTSYDE,WESTSYDE,,,3,,63.3949406212205,,,CCARRELLI,2018-05-10T16:45:24.000Z,YES
166,WESTSYDE,WESTSYDE,,,3,,78.9549676421932,,,CCARRELLI,2018-05-10T16:42:36.000Z,YES
167,WESTSYDE,WESTSYDE,,,3,,553.918582565967,,,CCARRELLI,2018-05-10T16:38:42.000Z,YES
168,WESTSYDE,WESTSYDE,,,3,,85.0318268842027,,,CCARRELLI,2018-05-10T16:40:05.000Z,YES
169,WESTSYDE,WESTSYDE,,,3,,37.4057791761294,,,CCARRELLI,2018-05-10T16:44:51.000Z,YES
170,WESTSYDE,WESTSYDE,,,3,,32.9554778550091,,,CCARRELLI,2018-05-10T16:46:03.000Z,YES
171,WESTSYDE,WESTSYDE,,,3,,43.4634811354576,,,CCARRELLI,2018-05-10T16:38:56.000Z,YES
172,WESTSYDE,WESTSYDE,,,3,,99.6985027332751,,,CCARRELLI,2018-05-10T16:38:56.000Z,YES
173,WESTSYDE,WESTSYDE,,,3,,116.462139295959,,,CCARRELLI,2018-05-10T16:38:56.000Z,YES
174,WESTSYDE,WESTSYDE,,,3,,85.8595830081187,,,CCARRELLI,2018-05-10T16:45:14.000Z,YES
175,YELLOWHEAD,YELLOWHEAD,,,13,,585.667187096058,,,CCARRELLI,2018-05-10T16:44:51.000Z,YES
176,WESTSYDE,WESTSYDE,,,3,,29.3831439914334,,,CCARRELLI,2018-05-10T16:45:14.000Z,YES
177,WESTSYDE,WESTSYDE,,,3,,33.3642810752207,,,CCARRELLI,2018-05-10T16:45:14.000Z,YES
178,WESTSYDE,WESTSYDE,,,3,,196.496175678868,,,CCARRELLI,2018-05-10T16:38:42.000Z,YES
179,WESTSYDE,WESTSYDE,,,3,,79.1648019838426,,,CCARRELLI,2018-05-10T16:45:14.000Z,YES
180,WESTSYDE,WESTSYDE,,,3,,87.1884279317769,,,CCARRELLI,2018-05-10T16:39:16.000Z,YES
181,WESTSYDE,WESTSYDE,,,3,,120.544282017176,,,CCARRELLI,2018-05-10T16:38:56.000Z,YES
182,WESTSYDE,WESTSYDE,,,3,,56.848287644372,,,CCARRELLI,2018-05-10T16:45:24.000Z,YES
183,WESTSYDE,WESTSYDE,,,3,,122.076392218965,,,CCARRELLI,2018-05-10T16:38:42.000Z,YES
184,WESTSYDE,WESTSYDE,,,3,,101.920137149889,,,CCARRELLI,2018-05-10T16:42:49.000Z,YES
185,WESTSYDE,WESTSYDE,,,3,,122.917673978495,,,CCARRELLI,2018-05-10T16:44:51.000Z,YES
186,WESTSYDE,WESTSYDE,,,3,,9.65042835606316,,,CCARRELLI,2018-05-10T16:39:28.000Z,YES
187,WESTSYDE,WESTSYDE,,,3,,185.694112164678,,,CCARRELLI,2018-05-10T16:40:05.000Z,YES
188,WESTSYDE,WESTSYDE,,,3,,55.5235750452909,,,CCARRELLI,2018-05-10T16:38:42.000Z,YES
189,WESTSYDE,WESTSYDE,,,3,,238.326342738151,,,CCARRELLI,2018-05-10T16:39:49.000Z,YES
190,WESTSYDE,WESTSYDE,,,3,,117.882662781984,,,CCARRELLI,2018-05-10T16:38:56.000Z,YES
191,WESTSYDE,WESTSYDE,,,3,,116.232746910455,,,CCARRELLI,2018-05-10T16:45:24.000Z,YES
192,WESTSYDE,WESTSYDE,,,3,,49.2129111357175,,,CCARRELLI,2018-05-10T16:45:24.000Z,YES
193,WESTSYDE,WESTSYDE,,,3,,92.6374093159108,,,CCARRELLI,2018-05-10T16:38:56.000Z,YES
194,WESTSYDE,WESTSYDE,,,3,,61.8465582331052,,,CCARRELLI,2018-05-10T16:38:56.000Z,YES
195,WESTSYDE,WESTSYDE,,,3,,96.2749299920533,,,CCARRELLI,2018-05-10T16:38:42.000Z,YES
196,WESTSYDE,WESTSYDE,,,3,,58.4662860601534,,,CCARRELLI,2018-05-10T16:45:24.000Z,YES
197,YELLOWHEAD,YELLOWHEAD,,,13,,6.52775227736278,,,CCARRELLI,2018-05-10T16:44:51.000Z,YES
198,YELLOWHEAD,YELLOWHEAD,,,13,,6.52774052539616,,,CCARRELLI,2018-05-10T16:44:51.000Z,YES
199,YELLOWHEAD,YELLOWHEAD,,,13,,9.02653405890581,,,CCARRELLI,2018-05-10T16:44:51.000Z,YES
200,YELLOWHEAD,YELLOWHEAD,,,13,,9.02654588805846,,,CCARRELLI,2018-05-10T16:44:51.000Z,YES
201,YELLOWHEAD,YELLOWHEAD,,,13,,7.01668749959055,,,CCARRELLI,2018-05-10T16:44:51.000Z,YES
202,YELLOWHEAD,YELLOWHEAD,,,13,,7.01666362238161,,,CCARRELLI,2018-05-10T16:44:51.000Z,YES
203,YELLOWHEAD,YELLOWHEAD,,,13,,49.093435836007,,,CCARRELLI,2018-05-10T16:44:51.000Z,YES
204,YELLOWHEAD,YELLOWHEAD,,,13,,49.0939306413093,,,CCARRELLI,2018-05-10T16:44:51.000Z,YES
205,YELLOWHEAD,YELLOWHEAD,,,13,,10.3150487798954,,,CCARRELLI,2018-05-10T16:44:51.000Z,YES
206,YELLOWHEAD,YELLOWHEAD,,,13,,10.3140520632533,,,CCARRELLI,2018-05-10T16:44:51.000Z,YES
207,YELLOWHEAD,YELLOWHEAD,,,13,,23.2316525239126,,,CCARRELLI,2018-05-10T16:44:51.000Z,YES
208,YELLOWHEAD,YELLOWHEAD,,,13,,23.23490737886,,,CCARRELLI,2018-05-10T16:44:51.000Z,YES
209,YELLOWHEAD,YELLOWHEAD,,,13,,6.15502708292126,,,CCARRELLI,2018-05-10T16:44:51.000Z,YES
210,YELLOWHEAD,YELLOWHEAD,,,13,,10.9147459797699,,,CCARRELLI,2018-05-10T16:44:51.000Z,YES
211,BATCHELOR HILLS,BATCHELOR HILLS,,,14,,239.047287914507,,,CCARRELLI,2018-05-10T16:44:51.000Z,YES
212,BATCHELOR HILLS,BATCHELOR HILLS,,,14,,1.29620497510098,,,CCARRELLI,2018-05-10T16:44:51.000Z,YES
213,BATCHELOR HILLS,BATCHELOR HILLS,,,14,,638.592727775087,,,CCARRELLI,2018-05-10T16:44:51.000Z,YES
214,PACIFIC WAY,PACIFIC WAY,,,4,,358.037100147166,,,CCARRELLI,2018-05-10T17:01:23.000Z,NO
215,PACIFIC WAY,PACIFIC WAY,,,4,,550.425163932577,,,CCARRELLI,2018-05-10T17:02:33.000Z,NO
216,PACIFIC WAY,PACIFIC WAY,,,4,,165.400865998172,,,CCARRELLI,2018-05-10T17:02:23.000Z,NO
217,ABERDEEN,CITY CENTRE TO ABERDEEN,,,7,,455.300924201237,,,CCARRELLI,2018-05-10T16:57:36.000Z,YES
218,ABERDEEN,CITY CENTRE TO ABERDEEN,,,7,,247.259301581008,,,CCARRELLI,2018-05-10T16:57:36.000Z,YES
219,ABERDEEN,CITY CENTRE TO ABERDEEN,,,7,,93.7638079456831,,,CCARRELLI,2018-05-10T16:54:43.000Z,YES
220,DALLAS,DALLAS,,,17,,272.118150674016,CCARRELLI,2018-05-10T16:35:15.000Z,CCARRELLI,2018-05-10T16:35:15.000Z,NO
221,BATCHELOR HILLS,BATCHELOR HILLS,,,14,,753.90448461749,CCARRELLI,2018-05-10T16:41:26.000Z,CCARRELLI,2018-05-10T16:44:51.000Z,YES
222,YELLOWHEAD,YELLOWHEAD,,,13,,577.467055402764,CCARRELLI,2018-05-10T16:42:17.000Z,CCARRELLI,2018-05-10T16:44:51.000Z,YES
223,YELLOWHEAD,YELLOWHEAD,,,13,,529.785403666839,CCARRELLI,2018-05-10T16:43:54.000Z,CCARRELLI,2018-05-10T16:44:51.000Z,YES
224,YELLOWHEAD,YELLOWHEAD,,,13,,242.188621409396,CCARRELLI,2018-05-10T16:44:06.000Z,CCARRELLI,2018-05-10T16:44:06.000Z,NO
225,BATCHELOR HILLS,BATCHELOR HILLS,,,14,,242.1886214092,CCARRELLI,2018-05-10T16:44:21.000Z,CCARRELLI,2018-05-10T16:44:21.000Z,NO
226,TRANQUILLE,TRANQUILLE,,,1,,463.161893487166,CCARRELLI,2018-05-10T16:46:24.000Z,CCARRELLI,2018-05-10T16:46:37.000Z,NO
227,TRANQUILLE,TRANQUILLE,,,1,,1212.48559236091,CCARRELLI,2018-05-10T16:46:24.000Z,CCARRELLI,2018-05-10T16:46:24.000Z,YES
228,ABERDEEN,CITY CENTRE TO ABERDEEN,BATTLE,,7,,170.546069313573,,,CCARRELLI,2018-05-10T16:32:52.000Z,NO
229,ABERDEEN,CITY CENTRE TO ABERDEEN,BATTLE,,7,,148.975742069224,,,CCARRELLI,2018-05-10T16:32:52.000Z,NO
230,ABERDEEN,CITY CENTRE TO ABERDEEN,BATTLE,,7,,511.569470186787,,,CCARRELLI,2018-05-10T16:32:52.000Z,NO
231,ABERDEEN,CITY CENTRE TO ABERDEEN,BATTLE,,7,,156.212226754024,,,CCARRELLI,2018-05-10T16:32:52.000Z,NO
232,ABERDEEN,CITY CENTRE TO ABERDEEN,BATTLE,,7,,107.903759544915,,,CCARRELLI,2018-05-10T16:32:52.000Z,NO
233,ABERDEEN,CITY CENTRE TO ABERDEEN,BATTLE,,7,,85.7558671553034,,,CCARRELLI,2018-05-10T16:32:52.000Z,NO
234,ABERDEEN,CITY CENTRE TO ABERDEEN,BATTLE,,7,,51.9535662634011,,,CCARRELLI,2018-05-10T16:32:52.000Z,NO
235,ABERDEEN,CITY CENTRE TO ABERDEEN,BATTLE,,7,,75.7836832051241,,,CCARRELLI,2018-05-10T16:32:52.000Z,NO
236,ABERDEEN,CITY CENTRE TO ABERDEEN,BATTLE,,7,,51.5525531347542,,,CCARRELLI,2018-05-10T16:32:52.000Z,NO
237,ABERDEEN,CITY CENTRE TO ABERDEEN,BATTLE,,7,,24.7406821857069,,,CCARRELLI,2018-05-10T16:32:52.000Z,NO
238,ABERDEEN,CITY CENTRE TO ABERDEEN,BATTLE,,7,,102.30494449493,,,CCARRELLI,2018-05-10T16:32:52.000Z,NO
239,ABERDEEN,CITY CENTRE TO ABERDEEN,BATTLE,,7,,48.7353917585389,,,CCARRELLI,2018-05-10T16:32:52.000Z,NO
240,ABERDEEN,CITY CENTRE TO ABERDEEN,BATTLE,,7,,28.3484338266204,,,CCARRELLI,2018-05-10T16:32:52.000Z,NO
241,ABERDEEN,CITY CENTRE TO ABERDEEN,BATTLE,,7,,40.2955944938141,,,CCARRELLI,2018-05-10T16:32:52.000Z,NO
242,ABERDEEN,CITY CENTRE TO ABERDEEN,BATTLE,,7,,300.387946062854,,,CCARRELLI,2018-05-10T16:32:52.000Z,NO
243,CITY LOOP,CITY LOOP,,,6,,1349.62091269059,,,CCARRELLI,2018-05-10T16:32:52.000Z,NO
244,JUNIPER RIDGE,JUNIPER RIDGE,,,16,,30.9093942183265,,,CCARRELLI,2018-05-10T16:32:52.000Z,NO
245,BATCHELOR HILLS,BATCHELOR HILLS,,,14,,81.3486982983956,,,CCARRELLI,2018-05-10T16:32:52.000Z,NO
246,WESTSYDE,WESTSYDE,,,3,,89.1591205241712,,,CCARRELLI,2018-05-10T16:32:52.000Z,NO
247,BATCHELOR HILLS,BATCHELOR HILLS,,,14,,509.810583485613,,,CCARRELLI,2018-05-10T16:32:52.000Z,NO
248,WESTSYDE,WESTSYDE,,,3,,27.9992127019598,,,CCARRELLI,2018-05-10T16:32:52.000Z,NO
249,WESTSYDE,WESTSYDE,,,3,,97.7467761129983,,,CCARRELLI,2018-05-10T16:32:53.000Z,NO
250,WESTSYDE,WESTSYDE,,,3,,105.636564984744,,,CCARRELLI,2018-05-10T16:32:53.000Z,NO
251,CITY LOOP,CITY LOOP,,,6,,700.673809647444,,,CCARRELLI,2018-05-10T16:32:52.000Z,NO
252,WESTSYDE,WESTSYDE,,,3,,104.56302265831,,,CCARRELLI,2018-05-10T16:32:53.000Z,NO
253,WESTSYDE,WESTSYDE,,,3,,37.1995972955203,,,CCARRELLI,2018-05-10T16:32:53.000Z,NO
254,BATCHELOR HILLS,BATCHELOR HILLS,,,14,,142.587746486688,,,CCARRELLI,2018-05-10T16:32:52.000Z,NO
255,WESTSYDE,WESTSYDE,,,3,,119.209749708639,,,CCARRELLI,2018-05-10T16:32:52.000Z,NO
256,WESTSYDE,WESTSYDE,,,3,,12.0882752657163,,,CCARRELLI,2018-05-10T16:32:52.000Z,NO
257,BATCHELOR HILLS,BATCHELOR HILLS,,,14,,72.7824919891401,,,CCARRELLI,2018-05-10T16:32:52.000Z,NO
258,BATCHELOR HILLS,BATCHELOR HILLS,,,14,,112.21646288547,,,CCARRELLI,2018-05-10T16:32:52.000Z,NO
259,PARKCREST,PARKCREST,,,2,,107.905427822976,,,CCARRELLI,2018-05-10T16:32:52.000Z,NO
260,WESTSYDE,WESTSYDE,,,3,,92.6727769629451,,,CCARRELLI,2018-05-10T16:32:52.000Z,NO
261,WESTSYDE,WESTSYDE,,,3,,57.3182976321662,,,CCARRELLI,2018-05-10T16:32:52.000Z,NO
262,BATCHELOR HILLS,BATCHELOR HILLS,,,14,,272.673255950626,,,CCARRELLI,2018-05-10T16:32:52.000Z,NO
263,WESTSYDE,WESTSYDE,,,3,,103.189906320694,,,CCARRELLI,2018-05-10T16:32:52.000Z,NO
264,BATCHELOR HILLS,BATCHELOR HILLS,,,14,,155.377140581848,,,CCARRELLI,2018-05-10T16:32:52.000Z,NO
265,WESTSYDE,WESTSYDE,,,3,,125.331880541357,,,CCARRELLI,2018-05-10T16:32:52.000Z,NO
266,WESTSYDE,WESTSYDE,,,3,,56.2967451838668,,,CCARRELLI,2018-05-10T16:32:52.000Z,NO
267,WESTSYDE,WESTSYDE,,,3,,21.9120160606335,,,CCARRELLI,2018-05-10T16:32:52.000Z,NO
268,WESTSYDE,WESTSYDE,,,3,,170.723366529812,,,CCARRELLI,2018-05-10T16:32:52.000Z,NO
269,JUNIPER RIDGE,JUNIPER RIDGE,,,16,,179.158128045099,,,CCARRELLI,2018-05-10T16:32:52.000Z,NO
270,WESTSYDE,WESTSYDE,,,3,,7.83984827956831,,,CCARRELLI,2018-05-10T16:32:53.000Z,NO
271,BATCHELOR HILLS,BATCHELOR HILLS,,,14,,304.879868091448,,,CCARRELLI,2018-05-10T16:32:52.000Z,NO
272,WESTSYDE,WESTSYDE,,,3,,42.6043949868985,,,CCARRELLI,2018-05-10T16:32:53.000Z,NO
273,BATCHELOR HILLS,BATCHELOR HILLS,,,14,,119.204943982292,,,CCARRELLI,2018-05-10T16:32:52.000Z,NO
274,BATCHELOR HILLS,BATCHELOR HILLS,,,14,,22.9828608351299,,,CCARRELLI,2018-05-10T16:32:52.000Z,NO
275,BATCHELOR HILLS,BATCHELOR HILLS,,,14,,105.634690149829,,,CCARRELLI,2018-05-10T16:32:52.000Z,NO
276,BATCHELOR HILLS,BATCHELOR HILLS,,,14,,80.2615485229582,,,CCARRELLI,2018-05-10T16:32:52.000Z,NO
277,BATCHELOR HILLS,BATCHELOR HILLS,,,14,,69.1869448400983,,,CCARRELLI,2018-05-10T16:32:52.000Z,NO
278,BATCHELOR HILLS,BATCHELOR HILLS,,,14,,160.149594162168,,,CCARRELLI,2018-05-10T16:32:52.000Z,NO
279,BATCHELOR HILLS,BATCHELOR HILLS,,,14,,28.3087749277905,,,CCARRELLI,2018-05-10T16:32:52.000Z,NO
280,BATCHELOR HILLS,BATCHELOR HILLS,,,14,,424.763539174059,,,CCARRELLI,2018-05-10T16:32:52.000Z,NO
281,BATCHELOR HILLS,BATCHELOR HILLS,,,14,,115.918111746495,,,CCARRELLI,2018-05-10T16:32:52.000Z,NO
282,BATCHELOR HILLS,BATCHELOR HILLS,,,14,,707.428628868331,,,CCARRELLI,2018-05-10T16:32:52.000Z,NO
283,BATCHELOR HILLS,BATCHELOR HILLS,,,14,,63.815583109959,,,CCARRELLI,2018-05-10T16:32:52.000Z,NO
284,PACIFIC WAY,PACIFIC WAY,,,4,,1739.3034280084,,,CCARRELLI,2018-05-10T16:32:52.000Z,NO
285,PACIFIC WAY,PACIFIC WAY,,,4,,703.043916762234,,,CCARRELLI,2018-05-10T16:32:52.000Z,NO
286,PACIFIC WAY,PACIFIC WAY,,,4,,164.161263788347,,,CCARRELLI,2018-05-10T16:32:52.000Z,NO
287,PACIFIC WAY,PACIFIC WAY,,,4,,138.319187525016,,,CCARRELLI,2018-05-10T16:32:52.000Z,NO
288,PACIFIC WAY,PACIFIC WAY,,,4,,303.204909212616,,,CCARRELLI,2018-05-10T16:32:52.000Z,NO
289,PACIFIC WAY,PACIFIC WAY,,,4,,679.866969173739,,,CCARRELLI,2018-05-10T16:32:52.000Z,NO
290,PACIFIC WAY,PACIFIC WAY,,,4,,83.8526958240086,,,CCARRELLI,2018-05-10T16:32:52.000Z,NO
291,WESTSYDE,WESTSYDE,,,3,,12.3220341316909,,,CCARRELLI,2018-05-10T16:32:53.000Z,NO
292,BATCHELOR HILLS,BATCHELOR HILLS,,,14,,198.942435699032,,,CCARRELLI,2018-05-10T16:32:52.000Z,NO
293,WESTSYDE,WESTSYDE,,,3,,87.4321843365348,,,CCARRELLI,2018-05-10T16:32:52.000Z,NO
294,BATCHELOR HILLS,BATCHELOR HILLS,,,14,,92.7033654995947,,,CCARRELLI,2018-05-10T16:32:52.000Z,NO
295,WESTSYDE,WESTSYDE,,,3,,22.9853192093412,,,CCARRELLI,2018-05-10T16:32:52.000Z,NO
296,JUNIPER RIDGE,JUNIPER RIDGE,,,16,,4049.65263349575,,,CCARRELLI,2018-05-10T16:32:52.000Z,NO
297,BATCHELOR HILLS,BATCHELOR HILLS,,,14,,131.458553005717,,,CCARRELLI,2018-05-10T16:32:52.000Z,NO
298,JUNIPER RIDGE,JUNIPER RIDGE,,,16,,27.804668229017,,,CCARRELLI,2018-05-10T16:32:52.000Z,NO
299,BATCHELOR HILLS,BATCHELOR HILLS,,,14,,155.517393318733,,,CCARRELLI,2018-05-10T16:32:52.000Z,NO
300,JUNIPER RIDGE,JUNIPER RIDGE,,,16,,67.3212294957278,,,CCARRELLI,2018-05-10T16:32:52.000Z,NO
301,GLENEAGLES,GLENEAGLES,,,9,,234.181685251196,,,CCARRELLI,2018-05-10T16:32:52.000Z,NO
302,JUNIPER RIDGE,JUNIPER RIDGE,,,16,,25.5678552163253,,,CCARRELLI,2018-05-10T16:32:52.000Z,NO
303,WESTSYDE,WESTSYDE,,,3,,60.185716018454,,,CCARRELLI,2018-05-10T16:32:52.000Z,NO
304,BATCHELOR HILLS,BATCHELOR HILLS,,,14,,173.89126569721,,,CCARRELLI,2018-05-10T16:32:52.000Z,NO
305,BATCHELOR HILLS,BATCHELOR HILLS,,,14,,218.708379522648,,,CCARRELLI,2018-05-10T16:32:52.000Z,NO
306,BATCHELOR HILLS,BATCHELOR HILLS,,,14,,78.8297352283821,,,CCARRELLI,2018-05-10T16:32:52.000Z,NO
307,BATCHELOR HILLS,BATCHELOR HILLS,,,14,,78.2141624368102,,,CCARRELLI,2018-05-10T16:32:52.000Z,NO
308,JUNIPER RIDGE,JUNIPER RIDGE,,,16,,215.679181514349,,,CCARRELLI,2018-05-10T16:32:52.000Z,NO
309,WESTSYDE,WESTSYDE,,,3,,73.6519312303801,,,CCARRELLI,2018-05-10T16:32:52.000Z,NO
310,WESTSYDE,WESTSYDE,,,3,,75.1082363391192,,,CCARRELLI,2018-05-10T16:32:52.000Z,NO
311,WESTSYDE,WESTSYDE,,,3,,12.1540197882468,,,CCARRELLI,2018-05-10T16:32:52.000Z,NO
312,BATCHELOR HILLS,BATCHELOR HILLS,,,14,,93.7783949781484,,,CCARRELLI,2018-05-10T16:32:52.000Z,NO
313,WESTSYDE,WESTSYDE,,,3,,150.143600926209,,,CCARRELLI,2018-05-10T16:32:52.000Z,NO
314,ABERDEEN,CITY CENTRE TO ABERDEEN,,,7,,421.19780294061,,,CCARRELLI,2018-05-10T16:32:52.000Z,NO
315,ABERDEEN,CITY CENTRE TO ABERDEEN,,,7,,388.558021007429,,,CCARRELLI,2018-05-10T16:32:52.000Z,NO
316,ABERDEEN,CITY CENTRE TO ABERDEEN,,,7,,819.912331322665,,,CCARRELLI,2018-05-10T16:32:52.000Z,NO
317,ABERDEEN,CITY CENTRE TO ABERDEEN,,,7,,336.334021360662,,,CCARRELLI,2018-05-10T16:32:52.000Z,NO
318,ABERDEEN,CITY CENTRE TO ABERDEEN,,,7,,524.668507098923,,,CCARRELLI,2018-05-10T16:32:52.000Z,NO
319,ABERDEEN,CITY CENTRE TO ABERDEEN,,,7,,341.42697390073,,,CCARRELLI,2018-05-10T16:32:52.000Z,NO
320,ABERDEEN,CITY CENTRE TO ABERDEEN,,,7,,49.1215484984595,,,CCARRELLI,2018-05-10T16:32:52.000Z,NO
321,ABERDEEN,CITY CENTRE TO ABERDEEN,,,7,,118.887815100252,,,CCARRELLI,2018-05-10T16:32:52.000Z,NO
322,ABERDEEN,CITY CENTRE TO ABERDEEN,,,7,,118.573574572035,,,CCARRELLI,2018-05-10T16:32:52.000Z,NO
323,ABERDEEN,CITY CENTRE TO ABERDEEN,,,7,,44.6321812230076,,,CCARRELLI,2018-05-10T16:32:52.000Z,NO
324,ABERDEEN,CITY CENTRE TO ABERDEEN,,,7,,117.46656584685,,,CCARRELLI,2018-05-10T16:32:52.000Z,NO
325,ABERDEEN,CITY CENTRE TO ABERDEEN,,,7,,77.2821686974853,,,CCARRELLI,2018-05-10T16:32:52.000Z,NO
326,GLENEAGLES,GLENEAGLES,,,9,,169.680953595807,,,CCARRELLI,2018-05-10T16:32:52.000Z,NO
327,NORTH SHORE TRU EXP,NORTH SHORE TRU EXPRESS,,,10,,948.73536882048,,,CCARRELLI,2018-05-10T16:32:52.000Z,NO
328,NORTH SHORE TRU EXP,NORTH SHORE TRU EXPRESS,,,10,,759.781824640383,,,CCARRELLI,2018-05-10T16:32:52.000Z,NO
329,NORTH SHORE TRU EXP,NORTH SHORE TRU EXPRESS,,,10,,717.863263570886,,,CCARRELLI,2018-05-10T16:32:52.000Z,NO
330,NORTH SHORE TRU EXP,NORTH SHORE TRU EXPRESS,,,10,,124.765015692291,,,CCARRELLI,2018-05-10T16:32:52.000Z,NO
331,NORTH SHORE TRU EXP,NORTH SHORE TRU EXPRESS,,,10,,32.8521434100863,,,CCARRELLI,2018-05-10T16:32:52.000Z,NO
332,NORTH SHORE TRU EXP,NORTH SHORE TRU EXPRESS,,,10,,945.153382541921,,,CCARRELLI,2018-05-10T16:32:52.000Z,NO
333,NORTH SHORE TRU EXP,NORTH SHORE TRU EXPRESS,,,10,,66.5210652063205,,,CCARRELLI,2018-05-10T16:32:52.000Z,NO
334,NORTH SHORE TRU EXP,NORTH SHORE TRU EXPRESS,,,10,,139.648018382934,,,CCARRELLI,2018-05-10T16:32:52.000Z,NO
335,NORTH SHORE TRU EXP,NORTH SHORE TRU EXPRESS,,,10,,93.1084759572067,,,CCARRELLI,2018-05-10T16:32:52.000Z,NO
336,NORTH SHORE TRU EXP,NORTH SHORE TRU EXPRESS,,,10,,104.10063973183,,,CCARRELLI,2018-05-10T16:32:52.000Z,NO
337,NORTH SHORE TRU EXP,NORTH SHORE TRU EXPRESS,,,10,,82.9258590036073,,,CCARRELLI,2018-05-10T16:32:52.000Z,NO
338,NORTH SHORE TRU EXP,NORTH SHORE TRU EXPRESS,,,10,,309.395673524439,,,CCARRELLI,2018-05-10T16:32:52.000Z,NO
339,NORTH SHORE TRU EXP,NORTH SHORE TRU EXPRESS,,,10,,381.006453509862,,,CCARRELLI,2018-05-10T16:32:52.000Z,NO
340,YELLOWHEAD,YELLOWHEAD,,,13,,11.094172844843,,,CCARRELLI,2018-05-10T16:32:53.000Z,NO
341,YELLOWHEAD,YELLOWHEAD,,,13,,64.8884907687332,,,CCARRELLI,2018-05-10T16:32:53.000Z,NO
342,YELLOWHEAD,YELLOWHEAD,,,13,,296.809616713624,,,CCARRELLI,2018-05-10T16:32:53.000Z,NO
343,YELLOWHEAD,YELLOWHEAD,,,13,,22.4609513803869,,,CCARRELLI,2018-05-10T16:32:53.000Z,NO
344,YELLOWHEAD,YELLOWHEAD,,,13,,61.1994154327603,,,CCARRELLI,2018-05-10T16:32:53.000Z,NO
345,YELLOWHEAD,YELLOWHEAD,,,13,,54.83602452455,,,CCARRELLI,2018-05-10T16:32:53.000Z,NO
346,YELLOWHEAD,YELLOWHEAD,,,13,,226.335180556798,,,CCARRELLI,2018-05-10T16:32:53.000Z,NO
347,YELLOWHEAD,YELLOWHEAD,,,13,,226.383872131149,,,CCARRELLI,2018-05-10T16:32:53.000Z,NO
348,YELLOWHEAD,YELLOWHEAD,,,13,,201.287648061959,,,CCARRELLI,2018-05-10T16:32:53.000Z,NO
349,YELLOWHEAD,YELLOWHEAD,,,13,,397.292431711793,,,CCARRELLI,2018-05-10T16:32:53.000Z,NO
350,YELLOWHEAD,YELLOWHEAD,,,13,,61.5089439092002,,,CCARRELLI,2018-05-10T16:32:53.000Z,NO
351,YELLOWHEAD,YELLOWHEAD,,,13,,255.366444894364,,,CCARRELLI,2018-05-10T16:32:53.000Z,NO
352,YELLOWHEAD,YELLOWHEAD,,,13,,76.6061055196358,,,CCARRELLI,2018-05-10T16:32:53.000Z,NO
353,YELLOWHEAD,YELLOWHEAD,,,13,,152.557371123309,,,CCARRELLI,2018-05-10T16:32:53.000Z,NO
354,YELLOWHEAD,YELLOWHEAD,,,13,,141.01460844191,,,CCARRELLI,2018-05-10T16:32:53.000Z,NO
355,YELLOWHEAD,YELLOWHEAD,,,13,,178.827519220868,,,CCARRELLI,2018-05-10T16:32:53.000Z,NO
356,ABERDEEN,CITY CENTRE TO ABERDEEN,,,7,,13.1131685665531,,,CCARRELLI,2018-05-10T16:32:52.000Z,NO
357,ABERDEEN,CITY CENTRE TO ABERDEEN,,,7,,11.9179857251881,,,CCARRELLI,2018-05-10T16:32:52.000Z,NO
358,ABERDEEN,CITY CENTRE TO ABERDEEN,,,7,,427.880855856201,,,CCARRELLI,2018-05-10T16:32:52.000Z,NO
359,ABERDEEN,CITY CENTRE TO ABERDEEN,,,7,,48.8106820917677,,,CCARRELLI,2018-05-10T16:32:52.000Z,NO
360,ABERDEEN,CITY CENTRE TO ABERDEEN,,,7,,164.295322402916,,,CCARRELLI,2018-05-10T16:32:52.000Z,NO
361,ABERDEEN,CITY CENTRE TO ABERDEEN,,,7,,77.140034086983,,,CCARRELLI,2018-05-10T16:32:52.000Z,NO
362,GLENEAGLES,GLENEAGLES,,,9,,644.595381704862,,,CCARRELLI,2018-05-10T16:32:52.000Z,NO
363,GLENEAGLES,GLENEAGLES,,,9,,389.360684632114,,,CCARRELLI,2018-05-10T16:32:52.000Z,NO
364,GLENEAGLES,GLENEAGLES,,,9,,12.4916873555779,,,CCARRELLI,2018-05-10T16:32:52.000Z,NO
365,GLENEAGLES,GLENEAGLES,,,9,,251.633425384331,,,CCARRELLI,2018-05-10T16:32:52.000Z,NO
366,PACIFIC WAY,PACIFIC WAY,,,4,,331.735280634568,,,CCARRELLI,2018-05-10T16:32:52.000Z,NO
367,PINEVIEW,PINEVIEW,,,5,,87.6170063305891,,,CCARRELLI,2018-05-10T16:32:52.000Z,NO
368,PINEVIEW,PINEVIEW,,,5,,186.177314059938,,,CCARRELLI,2018-05-10T16:32:52.000Z,NO
369,PINEVIEW,PINEVIEW,,,5,,50.1229065769776,,,CCARRELLI,2018-05-10T16:32:52.000Z,NO
370,PINEVIEW,PINEVIEW,,,5,,53.8822223721667,,,CCARRELLI,2018-05-10T16:32:52.000Z,NO
371,PINEVIEW,PINEVIEW,,,5,,268.812550256748,,,CCARRELLI,2018-05-10T16:32:52.000Z,NO
372,PINEVIEW,PINEVIEW,,,5,,40.2607926664918,,,CCARRELLI,2018-05-10T16:32:52.000Z,NO
373,PINEVIEW,PINEVIEW,,,5,,171.004478833651,,,CCARRELLI,2018-05-10T16:32:52.000Z,NO
374,PINEVIEW,PINEVIEW,,,5,,103.06886960258,,,CCARRELLI,2018-05-10T16:32:52.000Z,NO
375,PINEVIEW,PINEVIEW,,,5,,185.056921676726,,,CCARRELLI,2018-05-10T16:32:52.000Z,NO
376,PINEVIEW,PINEVIEW,,,5,,335.906639163333,,,CCARRELLI,2018-05-10T16:32:52.000Z,NO
377,PINEVIEW,PINEVIEW,,,5,,72.2122452309272,,,CCARRELLI,2018-05-10T16:32:52.000Z,NO
378,PINEVIEW,PINEVIEW,,,5,,150.251445202096,,,CCARRELLI,2018-05-10T16:32:52.000Z,NO
379,PINEVIEW,PINEVIEW,,,5,,410.992390838633,,,CCARRELLI,2018-05-10T16:32:52.000Z,NO
380,PINEVIEW,PINEVIEW,,,5,,345.58833627037,,,CCARRELLI,2018-05-10T16:32:52.000Z,NO
381,PINEVIEW,PINEVIEW,,,5,,104.612615681433,,,CCARRELLI,2018-05-10T16:32:52.000Z,NO
382,PINEVIEW,PINEVIEW,,,5,,44.7633589690383,,,CCARRELLI,2018-05-10T16:32:52.000Z,NO
383,PINEVIEW,PINEVIEW,,,5,,501.283561728373,,,CCARRELLI,2018-05-10T16:32:52.000Z,NO
384,PINEVIEW,PINEVIEW,,,5,,87.3543134619957,,,CCARRELLI,2018-05-10T16:32:52.000Z,NO
385,PINEVIEW,PINEVIEW,,,5,,123.391334793355,,,CCARRELLI,2018-05-10T16:32:52.000Z,NO
386,PINEVIEW,PINEVIEW,,,5,,144.850169932982,,,CCARRELLI,2018-05-10T16:32:52.000Z,NO
387,PINEVIEW,PINEVIEW,,,5,,28.5003731569712,,,CCARRELLI,2018-05-10T16:32:52.000Z,NO
388,PINEVIEW,PINEVIEW,,,5,,97.6467546762871,,,CCARRELLI,2018-05-10T16:32:52.000Z,NO
389,PINEVIEW,PINEVIEW,,,5,,36.2812176317906,,,CCARRELLI,2018-05-10T16:32:52.000Z,NO
390,PINEVIEW,PINEVIEW,,,5,,40.5470780156359,,,CCARRELLI,2018-05-10T16:32:52.000Z,NO
391,PINEVIEW,PINEVIEW,,,5,,172.679535293674,,,CCARRELLI,2018-05-10T16:32:52.000Z,NO
392,PINEVIEW,PINEVIEW,,,5,,366.347009962093,,,CCARRELLI,2018-05-10T16:32:52.000Z,NO
393,PINEVIEW,PINEVIEW,,,5,,62.3600635444565,,,CCARRELLI,2018-05-10T16:32:52.000Z,NO
394,PINEVIEW,PINEVIEW,,,5,,139.355964594539,,,CCARRELLI,2018-05-10T16:32:52.000Z,NO
395,PINEVIEW,PINEVIEW,,,5,,77.140034086983,,,CCARRELLI,2018-05-10T16:32:52.000Z,NO
396,PINEVIEW,PINEVIEW,,,5,,91.6010006720141,,,CCARRELLI,2018-05-10T16:32:52.000Z,NO
397,PINEVIEW,PINEVIEW,,,5,,63.3856797166137,,,CCARRELLI,2018-05-10T16:32:52.000Z,NO
398,PINEVIEW,PINEVIEW,VERSATILE,,5,,70.2334833612344,,,CCARRELLI,2018-05-10T16:32:52.000Z,NO
399,PINEVIEW,PINEVIEW,VERSATILE,,5,,85.2269475855075,,,CCARRELLI,2018-05-10T16:32:52.000Z,NO
400,PINEVIEW,PINEVIEW,VERSATILE,,5,,51.1544998283857,,,CCARRELLI,2018-05-10T16:32:52.000Z,NO
401,ABERDEEN,CITY CENTRE TO ABERDEEN,,,7,,74.3119812743782,,,CCARRELLI,2018-05-10T16:32:52.000Z,NO
402,ABERDEEN,CITY CENTRE TO ABERDEEN,,,7,,60.6374457129969,,,CCARRELLI,2018-05-10T16:32:52.000Z,NO
403,ABERDEEN,CITY CENTRE TO ABERDEEN,,,7,,48.5337949900491,,,CCARRELLI,2018-05-10T16:32:52.000Z,NO
404,ABERDEEN,CITY CENTRE TO ABERDEEN,,,7,,163.706785609384,,,CCARRELLI,2018-05-10T16:32:52.000Z,NO
405,ABERDEEN,CITY CENTRE TO ABERDEEN,,,7,,216.332956737981,,,CCARRELLI,2018-05-10T16:32:52.000Z,NO
406,ABERDEEN,CITY CENTRE TO ABERDEEN,,,7,,198.86925190342,,,CCARRELLI,2018-05-10T16:32:52.000Z,NO
407,ABERDEEN,CITY CENTRE TO ABERDEEN,,,7,,251.862209218029,,,CCARRELLI,2018-05-10T16:32:52.000Z,NO
408,ABERDEEN,CITY CENTRE TO ABERDEEN,,,7,,47.7358247588744,,,CCARRELLI,2018-05-10T16:32:52.000Z,NO
409,ABERDEEN,CITY CENTRE TO ABERDEEN,,,7,,184.37401967396,,,CCARRELLI,2018-05-10T16:32:52.000Z,NO
410,ABERDEEN,CITY CENTRE TO ABERDEEN,,,7,,26.8039703473658,,,CCARRELLI,2018-05-10T16:32:52.000Z,NO
411,ABERDEEN,CITY CENTRE TO ABERDEEN,,,7,,73.5511547622128,,,CCARRELLI,2018-05-10T16:32:52.000Z,NO
412,ABERDEEN,CITY CENTRE TO ABERDEEN,,,7,,102.709333822057,,,CCARRELLI,2018-05-10T16:32:52.000Z,NO
413,ABERDEEN,CITY CENTRE TO ABERDEEN,,,7,,451.815405973685,,,CCARRELLI,2018-05-10T16:32:52.000Z,NO
414,ABERDEEN,CITY CENTRE TO ABERDEEN,,,7,,189.356192593325,,,CCARRELLI,2018-05-10T16:32:52.000Z,NO
415,ABERDEEN,CITY CENTRE TO ABERDEEN,,,7,,48.1765730611332,,,CCARRELLI,2018-05-10T16:32:52.000Z,NO
416,ABERDEEN,CITY CENTRE TO ABERDEEN,,,7,,139.565718788792,,,CCARRELLI,2018-05-10T16:32:52.000Z,NO
417,ABERDEEN,CITY CENTRE TO ABERDEEN,,,7,,226.147022232962,,,CCARRELLI,2018-05-10T16:32:52.000Z,NO
418,ABERDEEN,CITY CENTRE TO ABERDEEN,,,7,,197.113416353102,,,CCARRELLI,2018-05-10T16:32:52.000Z,NO
419,ABERDEEN,CITY CENTRE TO ABERDEEN,,,7,,11.5319360313071,,,CCARRELLI,2018-05-10T16:32:52.000Z,NO
420,DALLAS,DALLAS,,,17,,538.590589142151,,,CCARRELLI,2018-05-10T16:32:52.000Z,NO
421,DALLAS,DALLAS,,,17,,5367.54139798004,,,CCARRELLI,2018-05-10T16:32:52.000Z,NO
422,PINEVIEW,PINEVIEW,VERSATILE,,5,,43.1019652503477,,,CCARRELLI,2018-05-10T16:32:52.000Z,NO
423,PINEVIEW,PINEVIEW,VERSATILE,,5,,1460.9408348768,,,CCARRELLI,2018-05-10T16:32:52.000Z,NO
424,ABERDEEN,CITY CENTRE TO ABERDEEN,,,7,,16.8860718391887,,,CCARRELLI,2018-05-10T16:32:52.000Z,NO
425,PINEVIEW,PINEVIEW,,,5,,92.8092082514057,,,CCARRELLI,2018-05-10T16:32:52.000Z,NO
426,PACIFIC WAY,PACIFIC WAY,,,4,,77.140034086983,,,CCARRELLI,2018-05-10T16:32:52.000Z,NO
427,PACIFIC WAY,PACIFIC WAY,,,4,,92.8092082514057,,,CCARRELLI,2018-05-10T16:32:52.000Z,NO
428,YELLOWHEAD,YELLOWHEAD,,,13,,195.712470900562,,,CCARRELLI,2018-05-10T16:32:53.000Z,NO
429,YELLOWHEAD,YELLOWHEAD,,,13,,174.871778179702,,,CCARRELLI,2018-05-10T16:32:53.000Z,NO
430,YELLOWHEAD,YELLOWHEAD,,,13,,62.5638363240702,,,CCARRELLI,2018-05-10T16:32:53.000Z,NO
431,YELLOWHEAD,YELLOWHEAD,,,13,,71.0645928589778,,,CCARRELLI,2018-05-10T16:32:53.000Z,NO
432,YELLOWHEAD,YELLOWHEAD,,,13,,757.575115680612,,,CCARRELLI,2018-05-10T16:32:53.000Z,NO
433,YELLOWHEAD,YELLOWHEAD,,,13,,1414.16244049783,,,CCARRELLI,2018-05-10T16:32:53.000Z,NO
434,YELLOWHEAD,YELLOWHEAD,,,13,,15.2899279356899,,,CCARRELLI,2018-05-10T16:32:53.000Z,NO
435,DALLAS,DALLAS,,,17,,170.723180082739,,,CCARRELLI,2018-05-10T16:32:52.000Z,NO
436,DALLAS,DALLAS,,,17,,2.87386264170619,,,CCARRELLI,2018-05-10T16:32:52.000Z,NO
437,WESTSYDE,WESTSYDE,,,3,,103.470010743886,,,CCARRELLI,2018-05-10T16:32:52.000Z,NO
438,WESTSYDE,WESTSYDE,,,3,,110.056900473826,,,CCARRELLI,2018-05-10T16:32:52.000Z,NO
439,WESTSYDE,WESTSYDE,,,3,,426.90291157009,,,CCARRELLI,2018-05-10T16:32:52.000Z,NO
440,WESTSYDE,WESTSYDE,,,3,,169.028843137843,,,CCARRELLI,2018-05-10T16:32:53.000Z,NO
441,WESTSYDE,WESTSYDE,,,3,,115.69857990777,,,CCARRELLI,2018-05-10T16:32:53.000Z,NO
442,WESTSYDE,WESTSYDE,,,3,,121.603798293498,,,CCARRELLI,2018-05-10T16:32:52.000Z,NO
443,WESTSYDE,WESTSYDE,,,3,,364.739271011718,,,CCARRELLI,2018-05-10T16:32:52.000Z,NO
444,NORTH SHORE TRU EXP,NORTH SHORE TRU EXPRESS,,,10,,154.033856732839,,,CCARRELLI,2018-05-10T16:32:52.000Z,NO
445,YELLOWHEAD,YELLOWHEAD,,,13,,84.9955005641077,,,CCARRELLI,2018-05-10T16:32:53.000Z,NO
446,YELLOWHEAD,YELLOWHEAD,,,13,,132.881551864681,,,CCARRELLI,2018-05-10T16:32:53.000Z,NO
447,YELLOWHEAD,YELLOWHEAD,,,13,,136.080009424575,,,CCARRELLI,2018-05-10T16:32:53.000Z,NO
448,YELLOWHEAD,YELLOWHEAD,,,13,,94.3176785568477,,,CCARRELLI,2018-05-10T16:32:53.000Z,NO
449,YELLOWHEAD,YELLOWHEAD,,,13,,151.806706271093,,,CCARRELLI,2018-05-10T16:32:53.000Z,NO
450,YELLOWHEAD,YELLOWHEAD,,,13,,205.626132401538,,,CCARRELLI,2018-05-10T16:32:53.000Z,NO
451,YELLOWHEAD,YELLOWHEAD,,,13,,69.2231395412742,,,CCARRELLI,2018-05-10T16:32:53.000Z,NO
452,YELLOWHEAD,YELLOWHEAD,,,13,,157.751302911756,,,CCARRELLI,2018-05-10T16:32:53.000Z,NO
453,YELLOWHEAD,YELLOWHEAD,,,13,,77.6697618043876,,,CCARRELLI,2018-05-10T16:32:53.000Z,NO
454,YELLOWHEAD,YELLOWHEAD,,,13,,115.479858563301,,,CCARRELLI,2018-05-10T16:32:53.000Z,NO
455,YELLOWHEAD,YELLOWHEAD,,,13,,208.375136354959,,,CCARRELLI,2018-05-10T16:32:53.000Z,NO
456,YELLOWHEAD,YELLOWHEAD,,,13,,160.433392625471,,,CCARRELLI,2018-05-10T16:32:53.000Z,NO
457,YELLOWHEAD,YELLOWHEAD,,,13,,94.8753953003773,,,CCARRELLI,2018-05-10T16:32:53.000Z,NO
458,YELLOWHEAD,YELLOWHEAD,,,13,,115.825613323723,,,CCARRELLI,2018-05-10T16:32:53.000Z,NO
459,YELLOWHEAD,YELLOWHEAD,,,13,,679.754638583327,,,CCARRELLI,2018-05-10T16:32:53.000Z,NO
460,YELLOWHEAD,YELLOWHEAD,,,13,,114.0005245027,,,CCARRELLI,2018-05-10T16:32:53.000Z,NO
461,YELLOWHEAD,YELLOWHEAD,,,13,,35.6991761809495,,,CCARRELLI,2018-05-10T16:32:53.000Z,NO
462,YELLOWHEAD,YELLOWHEAD,,,13,,624.661524591924,,,CCARRELLI,2018-05-10T16:32:53.000Z,NO
463,YELLOWHEAD,YELLOWHEAD,,,13,,126.378360198344,,,CCARRELLI,2018-05-10T16:32:53.000Z,NO
464,YELLOWHEAD,YELLOWHEAD,,,13,,194.924582858918,,,CCARRELLI,2018-05-10T16:32:53.000Z,NO
465,YELLOWHEAD,YELLOWHEAD,,,13,,37.2346175219657,,,CCARRELLI,2018-05-10T16:32:53.000Z,NO
466,YELLOWHEAD,YELLOWHEAD,,,13,,187.949810676965,,,CCARRELLI,2018-05-10T16:32:53.000Z,NO
467,YELLOWHEAD,YELLOWHEAD,,,13,,2761.59117542468,,,CCARRELLI,2018-05-10T16:32:53.000Z,NO
468,YELLOWHEAD,YELLOWHEAD,,,13,,203.303553434653,,,CCARRELLI,2018-05-10T16:32:53.000Z,NO
469,YELLOWHEAD,YELLOWHEAD,,,13,,178.67675570687,,,CCARRELLI,2018-05-10T16:32:53.000Z,NO
470,YELLOWHEAD,YELLOWHEAD,,,13,,41.1924816894179,,,CCARRELLI,2018-05-10T16:32:53.000Z,NO
471,YELLOWHEAD,YELLOWHEAD,,,13,,124.553009276067,,,CCARRELLI,2018-05-10T16:32:53.000Z,NO
472,YELLOWHEAD,YELLOWHEAD,,,13,,227.278810059246,,,CCARRELLI,2018-05-10T16:32:53.000Z,NO
473,YELLOWHEAD,YELLOWHEAD,,,13,,4706.5918225609,,,CCARRELLI,2018-05-10T16:32:53.000Z,NO
474,YELLOWHEAD,YELLOWHEAD,,,13,,382.430238156724,,,CCARRELLI,2018-05-10T16:32:53.000Z,NO
475,YELLOWHEAD,YELLOWHEAD,,,13,,3030.84691590877,,,CCARRELLI,2018-05-10T16:32:53.000Z,NO
476,YELLOWHEAD,YELLOWHEAD,,,13,,1543.70764181839,,,CCARRELLI,2018-05-10T16:32:53.000Z,NO
477,YELLOWHEAD,YELLOWHEAD,,,13,,1619.77036629542,,,CCARRELLI,2018-05-10T16:32:53.000Z,NO
478,YELLOWHEAD,YELLOWHEAD,,,13,,1744.58115333415,,,CCARRELLI,2018-05-10T16:32:53.000Z,NO
479,DALLAS,DALLAS,,,17,,653.635247056671,,,CCARRELLI,2018-05-10T16:32:52.000Z,NO
480,DALLAS,DALLAS,,,17,,1795.01531116046,,,CCARRELLI,2018-05-10T16:32:52.000Z,NO
481,DALLAS,DALLAS,,,17,,3231.50657020698,,,CCARRELLI,2018-05-10T16:32:52.000Z,NO
482,DALLAS,DALLAS,,,17,,179.181650735853,,,CCARRELLI,2018-05-10T16:32:52.000Z,NO
483,DALLAS,DALLAS,,,17,,363.395719507688,,,CCARRELLI,2018-05-10T16:32:52.000Z,NO
484,DALLAS,DALLAS,,,17,,222.224885720148,,,CCARRELLI,2018-05-10T16:32:52.000Z,NO
485,DALLAS,DALLAS,,,17,,1024.91025443884,,,CCARRELLI,2018-05-10T16:32:52.000Z,NO
486,DALLAS,DALLAS,,,17,,558.875061253847,,,CCARRELLI,2018-05-10T16:32:52.000Z,NO
487,DALLAS,DALLAS,,,17,,920.051482323337,,,CCARRELLI,2018-05-10T16:32:52.000Z,NO
488,DALLAS,DALLAS,,,17,,633.467649059083,,,CCARRELLI,2018-05-10T16:32:52.000Z,NO
489,DALLAS,DALLAS,,,17,,148.961993884592,,,CCARRELLI,2018-05-10T16:32:52.000Z,NO
490,DALLAS,DALLAS,,,17,,420.857573210798,,,CCARRELLI,2018-05-10T16:32:52.000Z,NO
491,DALLAS,DALLAS,,,17,,2628.3974904189,,,CCARRELLI,2018-05-10T16:32:52.000Z,NO
492,DALLAS,DALLAS,,,17,,549.052205295441,,,CCARRELLI,2018-05-10T16:32:52.000Z,NO
493,PACIFIC WAY,PACIFIC WAY,,,4,,12.4876835556569,,,CCARRELLI,2018-05-10T16:32:52.000Z,NO
494,PACIFIC WAY,PACIFIC WAY,,,4,,567.189330611124,,,CCARRELLI,2018-05-10T16:32:52.000Z,NO
495,PACIFIC WAY,PACIFIC WAY,,,4,,12.8627101624516,,,CCARRELLI,2018-05-10T16:32:52.000Z,NO
496,PACIFIC WAY,PACIFIC WAY,,,4,,284.695996632136,,,CCARRELLI,2018-05-10T16:32:52.000Z,NO
497,PACIFIC WAY,PACIFIC WAY,,,4,,10.989550545618,,,CCARRELLI,2018-05-10T16:32:52.000Z,NO
498,PACIFIC WAY,PACIFIC WAY,,,4,,444.19647826547,,,CCARRELLI,2018-05-10T16:32:52.000Z,NO
499,PACIFIC WAY,PACIFIC WAY,,,4,,14.1227733000823,,,CCARRELLI,2018-05-10T16:32:52.000Z,NO
500,ABERDEEN,CITY CENTRE TO ABERDEEN,,,7,,121.087191343475,,,CCARRELLI,2018-05-10T16:32:52.000Z,NO
501,ABERDEEN,CITY CENTRE TO ABERDEEN,,,7,,382.180280750824,,,CCARRELLI,2018-05-10T16:32:52.000Z,NO
502,ABERDEEN,CITY CENTRE TO ABERDEEN,BATTLE,,7,,168.38947567176,,,CCARRELLI,2018-05-10T16:32:52.000Z,NO
503,ABERDEEN,CITY CENTRE TO ABERDEEN,BATTLE,,7,,158.220446132441,,,CCARRELLI,2018-05-10T16:32:52.000Z,NO
504,ABERDEEN,CITY CENTRE TO ABERDEEN,BATTLE,,7,,181.87955260205,,,CCARRELLI,2018-05-10T16:32:52.000Z,NO
505,PACIFIC WAY,PACIFIC WAY,,,4,,409.772060343807,,,CCARRELLI,2018-05-10T17:04:56.000Z,NO
506,PACIFIC WAY,PACIFIC WAY,,,4,,64.2152131936481,,,CCARRELLI,2018-05-10T17:03:42.000Z,YES
507,PACIFIC WAY,PACIFIC WAY,,,4,,339.182691216099,,,CCARRELLI,2018-05-10T16:54:43.000Z,YES
508,PACIFIC WAY,PACIFIC WAY,,,4,,36.1628176918215,,,CCARRELLI,2018-05-10T17:05:14.000Z,NO
509,PACIFIC WAY,PACIFIC WAY,,,4,,278.721746566156,,,CCARRELLI,2018-05-10T16:54:43.000Z,YES
510,PACIFIC WAY,PACIFIC WAY,,,4,,473.380122926578,,,CCARRELLI,2018-05-10T16:57:48.000Z,YES
511,PINEVIEW,PINEVIEW,,,5,,75.9104929047256,,,CCARRELLI,2018-05-10T16:54:43.000Z,YES
512,PINEVIEW,PINEVIEW,,,5,,318.253711137918,,,CCARRELLI,2018-05-10T16:57:08.000Z,YES
513,PINEVIEW,PINEVIEW,,,5,,229.893202499624,,,CCARRELLI,2018-05-10T16:54:43.000Z,YES
514,PINEVIEW,PINEVIEW,,,5,,48.8035525804509,,,CCARRELLI,2018-05-10T16:54:43.000Z,YES
515,PINEVIEW,PINEVIEW,,,5,,26.5074763137894,,,CCARRELLI,2018-05-10T16:54:43.000Z,YES
516,PINEVIEW,PINEVIEW,,,5,,64.2026682094167,,,CCARRELLI,2018-05-10T17:03:37.000Z,YES
517,PINEVIEW,PINEVIEW,,,5,,269.508059396628,,,CCARRELLI,2018-05-10T17:00:36.000Z,NO
518,PINEVIEW,PINEVIEW,,,5,,702.737189542878,,,CCARRELLI,2018-05-10T16:57:36.000Z,YES
519,PINEVIEW,PINEVIEW,,,5,,237.075115390317,,,CCARRELLI,2018-05-10T16:54:43.000Z,YES
520,PINEVIEW,PINEVIEW,VERSATILE,,5,,135.268021792691,,,CCARRELLI,2018-05-10T16:56:49.000Z,YES
521,PINEVIEW,PINEVIEW,VERSATILE,,5,,197.409230539627,,,CCARRELLI,2018-05-10T16:56:20.000Z,YES
522,PINEVIEW,PINEVIEW,VERSATILE,,5,,55.5536275279537,,,CCARRELLI,2018-05-10T16:56:34.000Z,YES
523,ABERDEEN,CITY CENTRE TO ABERDEEN,,,7,,325.108660411886,,,CCARRELLI,2018-05-10T16:55:30.000Z,YES
524,ABERDEEN,CITY CENTRE TO ABERDEEN,,,7,,79.8183502061166,,,CCARRELLI,2018-05-10T16:55:30.000Z,YES
525,ABERDEEN,CITY CENTRE TO ABERDEEN,,,7,,312.952070249729,,,CCARRELLI,2018-05-10T16:55:38.000Z,YES
526,ALTERNATE,DALLAS,MORNING,,17,,5116.54550459907,,,CCARRELLI,2018-05-10T16:32:52.000Z,NO
527,ALTERNATE,DALLAS,EVENING AND SUNDAY,,17,,4675.83599458222,,,CCARRELLI,2018-05-10T16:32:52.000Z,NO
528,DALLAS,DALLAS,,,17,,349.262637714569,,,CCARRELLI,2018-05-10T16:32:52.000Z,NO
529,ABERDEEN,CITY CENTRE TO ABERDEEN,,,7,,250.711433643824,,,CCARRELLI,2018-05-10T16:32:52.000Z,NO
530,ABERDEEN,CITY CENTRE TO ABERDEEN,,,7,,49.4984200190759,,,CCARRELLI,2018-05-10T16:32:52.000Z,NO
531,ABERDEEN,CITY CENTRE TO ABERDEEN,,,7,,53.8746621316547,,,CCARRELLI,2018-05-10T16:32:52.000Z,NO
532,ABERDEEN,CITY CENTRE TO ABERDEEN,,,7,,592.482418794263,,,CCARRELLI,2018-05-10T16:32:52.000Z,NO
533,ABERDEEN,CITY CENTRE TO ABERDEEN,,,7,,105.739863706426,,,CCARRELLI,2018-05-10T16:32:52.000Z,NO
534,ABERDEEN,CITY CENTRE TO ABERDEEN,,,7,,290.219780145439,,,CCARRELLI,2018-05-10T16:32:52.000Z,NO
535,ABERDEEN,CITY CENTRE TO ABERDEEN,,,7,,196.294796744224,,,CCARRELLI,2018-05-10T16:32:52.000Z,NO
536,ABERDEEN,CITY CENTRE TO ABERDEEN,,,7,,159.091963075416,,,CCARRELLI,2018-05-10T16:32:52.000Z,NO
537,ABERDEEN,CITY CENTRE TO ABERDEEN,BATTLE,,7,,66.4919377588679,,,CCARRELLI,2018-05-10T16:32:52.000Z,NO
538,ABERDEEN,CITY CENTRE TO ABERDEEN,BATTLE,,7,,50.3155158795144,,,CCARRELLI,2018-05-10T16:32:52.000Z,NO
539,NORTH SHORE TRU EXP,NORTH SHORE TRU EXPRESS,,,10,,192.882040760779,,,CCARRELLI,2018-05-10T16:32:52.000Z,NO
540,NORTH SHORE TRU EXP,NORTH SHORE TRU EXPRESS,,,10,,242.20831241423,,,CCARRELLI,2018-05-10T16:32:52.000Z,NO
541,CITY LOOP,CITY LOOP,,,6,,416.287909952566,,,CCARRELLI,2018-05-10T16:32:52.000Z,NO
542,CITY LOOP,CITY LOOP,,,6,,300.615976495233,,,CCARRELLI,2018-05-10T16:32:52.000Z,NO
543,YELLOWHEAD,YELLOWHEAD,,,13,,1.33232046174219,,,CCARRELLI,2018-05-10T16:32:53.000Z,NO
544,YELLOWHEAD,YELLOWHEAD,,,13,,0.191813631865996,,,CCARRELLI,2018-05-10T16:32:53.000Z,NO
545,PACIFIC WAY,PACIFIC WAY,,,4,,137.1622033457,,,CCARRELLI,2018-05-10T16:32:52.000Z,NO
546,PACIFIC WAY,PACIFIC WAY,,,4,,203.54763738977,,,CCARRELLI,2018-05-10T16:32:52.000Z,NO
547,DALLAS,DALLAS,,,17,,141.038529802845,,,CCARRELLI,2018-05-10T16:32:52.000Z,NO
548,DALLAS,DALLAS,,,17,,130.265068005026,,,CCARRELLI,2018-05-10T16:32:52.000Z,NO
549,DALLAS,DALLAS,,,17,,1795.01531116046,,,CCARRELLI,2018-05-10T16:32:52.000Z,NO
550,DALLAS,DALLAS,,,17,,5367.54139798004,,,CCARRELLI,2018-05-10T16:32:52.000Z,NO
551,NORTH SHORE TRU EXP,NORTH SHORE TRU EXPRESS,,,10,,2119.96814509555,,,CCARRELLI,2018-05-10T16:32:52.000Z,NO
552,NORTH SHORE TRU EXP,NORTH SHORE TRU EXPRESS,,,10,,119.376967958015,,,CCARRELLI,2018-05-10T16:32:52.000Z,NO
553,NORTH SHORE TRU EXP,NORTH SHORE TRU EXPRESS,,,10,,107.761096119434,,,CCARRELLI,2018-05-10T16:32:52.000Z,NO
554,NORTH SHORE TRU EXP,NORTH SHORE TRU EXPRESS,,,10,,44.1449977988941,,,CCARRELLI,2018-05-10T16:32:52.000Z,NO
555,NORTH SHORE TRU EXP,NORTH SHORE TRU EXPRESS,,,10,,69.177957234658,,,CCARRELLI,2018-05-10T16:32:52.000Z,NO
556,WESTSYDE,WESTSYDE,,,3,,80.3251553964511,,,CCARRELLI,2018-05-10T16:45:14.000Z,YES
557,WESTSYDE,WESTSYDE,,,3,,128.308516052133,,,CCARRELLI,2018-05-10T16:44:51.000Z,YES
558,WESTSYDE,WESTSYDE,,,3,,81.6534302882552,,,CCARRELLI,2018-05-10T16:43:15.000Z,YES
559,WESTSYDE,WESTSYDE,,,3,,128.769328237435,,,CCARRELLI,2018-05-10T16:40:14.000Z,YES
560,WESTSYDE,WESTSYDE,,,3,,266.821472736129,,,CCARRELLI,2018-05-10T16:38:56.000Z,YES
561,WESTSYDE,WESTSYDE,,,3,,250.609666611304,,,CCARRELLI,2018-05-10T16:38:30.000Z,YES
562,WESTSYDE,WESTSYDE,,,3,,104.940485306965,,,CCARRELLI,2018-05-10T16:38:56.000Z,YES
563,WESTSYDE,WESTSYDE,,,3,,185.894557831341,,,CCARRELLI,2018-05-10T16:40:05.000Z,YES
564,WESTSYDE,WESTSYDE,,,3,,15.3752997895832,,,CCARRELLI,2018-05-10T16:44:35.000Z,YES
565,WESTSYDE,WESTSYDE,,,3,,60.4830662399423,,,CCARRELLI,2018-05-10T16:46:03.000Z,YES
566,WESTSYDE,WESTSYDE,,,3,,51.5544600063725,,,CCARRELLI,2018-05-10T16:45:24.000Z,YES
567,WESTSYDE,WESTSYDE,,,3,,8.4929513445727,,,CCARRELLI,2018-05-10T16:39:16.000Z,YES
568,WESTSYDE,WESTSYDE,,,3,,50.9588791572459,,,CCARRELLI,2018-05-10T16:44:51.000Z,YES
569,WESTSYDE,WESTSYDE,,,3,,124.701488024271,,,CCARRELLI,2018-05-10T16:44:51.000Z,YES
570,WESTSYDE,WESTSYDE,,,3,,117.578679742528,,,CCARRELLI,2018-05-10T16:45:14.000Z,YES
571,WESTSYDE,WESTSYDE,,,3,,203.229102255956,,,CCARRELLI,2018-05-10T16:38:56.000Z,YES
572,WESTSYDE,WESTSYDE,,,3,,136.586883371677,,,CCARRELLI,2018-05-10T16:38:30.000Z,YES
573,WESTSYDE,WESTSYDE,,,3,,68.677175276027,,,CCARRELLI,2018-05-10T16:45:14.000Z,YES
574,WESTSYDE,WESTSYDE,,,3,,83.4651726308238,,,CCARRELLI,2018-05-10T16:45:14.000Z,YES
575,WESTSYDE,WESTSYDE,,,3,,120.99085249756,,,CCARRELLI,2018-05-10T16:38:30.000Z,YES
576,WESTSYDE,WESTSYDE,,,3,,54.9096850384783,,,CCARRELLI,2018-05-10T16:45:24.000Z,YES
577,WESTSYDE,WESTSYDE,,,3,,230.894824225057,,,CCARRELLI,2018-05-10T16:38:42.000Z,YES
578,WESTSYDE,WESTSYDE,,,3,,60.416742209749,,,CCARRELLI,2018-05-10T16:45:14.000Z,YES
579,WESTSYDE,WESTSYDE,,,3,,11.474011089313,,,CCARRELLI,2018-05-10T16:38:56.000Z,YES
580,WESTSYDE,WESTSYDE,,,3,,253.189526749149,,,CCARRELLI,2018-05-10T16:44:51.000Z,YES
581,WESTSYDE,WESTSYDE,,,3,,84.8453638591152,,,CCARRELLI,2018-05-10T16:45:14.000Z,YES
582,WESTSYDE,WESTSYDE,,,3,,33.828289676059,,,CCARRELLI,2018-05-10T16:46:03.000Z,YES
583,WESTSYDE,WESTSYDE,,,3,,61.8636072622216,,,CCARRELLI,2018-05-10T16:38:56.000Z,YES
584,WESTSYDE,WESTSYDE,,,3,,114.048360114557,,,CCARRELLI,2018-05-10T16:38:56.000Z,YES
585,WESTSYDE,WESTSYDE,,,3,,41.5264725152381,,,CCARRELLI,2018-05-10T16:45:14.000Z,YES
586,WESTSYDE,WESTSYDE,,,3,,136.309201294719,,,CCARRELLI,2018-05-10T16:40:05.000Z,YES
587,WESTSYDE,WESTSYDE,,,3,,10.7696685176486,,,CCARRELLI,2018-05-10T16:45:24.000Z,YES
588,BATCHELOR HILLS,BATCHELOR HILLS,,,14,,103.120919013639,,,CCARRELLI,2018-05-10T16:42:49.000Z,YES
589,BATCHELOR HILLS,BATCHELOR HILLS,,,14,,101.912841495326,,,CCARRELLI,2018-05-10T16:42:49.000Z,YES
590,BATCHELOR HILLS,BATCHELOR HILLS,,,14,,142.179710277318,,,CCARRELLI,2018-05-10T16:42:49.000Z,YES
591,BATCHELOR HILLS,BATCHELOR HILLS,,,14,,242.860015420329,,,CCARRELLI,2018-05-10T16:40:05.000Z,YES
592,BATCHELOR HILLS,BATCHELOR HILLS,,,14,,251.35136102276,,,CCARRELLI,2018-05-10T16:40:05.000Z,YES
593,BATCHELOR HILLS,BATCHELOR HILLS,,,14,,78.9424175205976,,,CCARRELLI,2018-05-10T16:42:36.000Z,YES
594,BATCHELOR HILLS,BATCHELOR HILLS,,,14,,85.8358542842392,,,CCARRELLI,2018-05-10T16:42:49.000Z,YES
595,BATCHELOR HILLS,BATCHELOR HILLS,,,14,,100.307543236845,,,CCARRELLI,2018-05-10T16:43:15.000Z,YES
596,PACIFIC WAY,PACIFIC WAY,,,4,,1387.30578253346,,,CCARRELLI,2018-05-10T16:56:08.000Z,NO
597,PARKCREST,PARKCREST,,,2,,463.1618546593,CCARRELLI,2018-05-10T16:46:49.000Z,CCARRELLI,2018-05-10T16:46:49.000Z,NO
598,PARKCREST,PARKCREST,,,2,,175.959719313963,CCARRELLI,2018-05-10T16:47:52.000Z,CCARRELLI,2018-05-10T16:48:06.000Z,YES
599,GLENEAGLES,GLENEAGLES,,,9,,2094.35807191749,CCARRELLI,2018-05-10T16:55:00.000Z,CCARRELLI,2018-05-10T16:55:09.000Z,YES
600,PACIFIC WAY,PACIFIC WAY,,,4,,703.340293423063,CCARRELLI,2018-05-10T16:56:08.000Z,CCARRELLI,2018-05-10T16:56:20.000Z,YES
601,ABERDEEN,CITY CENTRE TO ABERDEEN,<Null>,,7,,134.490649598978,CCARRELLI,2018-05-10T16:58:19.000Z,CCARRELLI,2018-05-10T17:00:18.000Z,NO
602,GLENEAGLES,GLENEAGLES,<Null>,,9,,132.204294407881,CCARRELLI,2018-05-10T16:58:29.000Z,CCARRELLI,2018-05-10T17:00:18.000Z,NO
603,PACIFIC WAY,PACIFIC WAY,,,4,,275.877808979607,CCARRELLI,2018-05-10T16:58:46.000Z,CCARRELLI,2018-05-10T17:00:36.000Z,NO
604,GLENEAGLES,GLENEAGLES,,,9,,346.532019514871,CCARRELLI,2018-05-10T16:59:00.000Z,CCARRELLI,2018-05-10T17:00:36.000Z,NO
605,PACIFIC WAY,PACIFIC WAY,<Null>,,4,,132.204294407881,CCARRELLI,2018-05-10T16:59:54.000Z,CCARRELLI,2018-05-10T17:00:18.000Z,NO
606,PINEVIEW,PINEVIEW,,,5,,134.490649598978,CCARRELLI,2018-05-10T17:00:10.000Z,CCARRELLI,2018-05-10T17:00:18.000Z,NO
607,PINEVIEW,PINEVIEW,,,5,,140.272989661463,CCARRELLI,2018-05-10T17:00:10.000Z,CCARRELLI,2018-05-10T17:00:10.000Z,YES
608,GLENEAGLES,GLENEAGLES,,,9,,370.054991593811,CCARRELLI,2018-05-10T17:01:14.000Z,CCARRELLI,2018-05-10T17:01:23.000Z,NO
609,BATTLE,BATTLE,,,8,,386.631693039941,CCARRELLI,2018-05-10T17:02:04.000Z,CCARRELLI,2018-05-10T17:02:13.000Z,YES
610,GLENEAGLES,GLENEAGLES,,,9,,35.1653565816901,CCARRELLI,2018-05-10T17:02:53.000Z,CCARRELLI,2018-05-10T17:02:53.000Z,NO
611,GLENEAGLES,GLENEAGLES,,,9,,32.6500852796676,CCARRELLI,2018-05-10T17:02:53.000Z,CCARRELLI,2018-05-10T17:03:00.000Z,YES
612,CITY LOOP,CITY LOOP,,,6,,1474.24919772271,,,CCARRELLI,2018-05-10T17:44:30.000Z,NO
613,BATTLE,BATTLE,,,8,,199.304356163308,CCARRELLI,2018-05-10T17:08:26.000Z,CCARRELLI,2018-05-10T17:44:30.000Z,NO
614,GLENEAGLES,GLENEAGLES,,,9,,392.567262082025,CCARRELLI,2018-05-10T17:08:26.000Z,CCARRELLI,2018-05-10T17:44:30.000Z,NO
615,CITY LOOP,CITY LOOP,,,6,,280.041736407949,CCARRELLI,2018-05-10T17:14:14.000Z,CCARRELLI,2018-05-10T17:44:30.000Z,NO
616,WESTSYDE,WESTSYDE,,,3,,213.516574754407,,,CCARRELLI,2018-05-10T17:17:15.000Z,YES
617,WESTSYDE,WESTSYDE,,,3,,175.88376022636,,,CCARRELLI,2018-05-10T17:17:15.000Z,YES
618,WESTSYDE,WESTSYDE,,,3,,250.12747428109,,,CCARRELLI,2018-05-10T17:17:15.000Z,YES
619,TRANQUILLE,TRANQUILLE,,,1,,250.127474281097,CCARRELLI,2018-05-10T16:46:24.000Z,CCARRELLI,2018-05-10T17:17:15.000Z,YES
620,PARKCREST,PARKCREST,,,2,,250.127520449676,CCARRELLI,2018-05-10T16:46:49.000Z,CCARRELLI,2018-05-10T17:17:15.000Z,YES
621,WESTSYDE,WESTSYDE,,,3,,190.756625409967,,,CCARRELLI,2018-05-10T17:17:35.000Z,YES
622,TRANQUILLE,TRANQUILLE,,,1,,190.756625409969,CCARRELLI,2018-05-10T16:46:24.000Z,CCARRELLI,2018-05-10T17:17:35.000Z,YES
623,PARKCREST,PARKCREST,,,2,,190.756586941157,CCARRELLI,2018-05-10T16:46:49.000Z,CCARRELLI,2018-05-10T17:17:35.000Z,YES
624,TRANQUILLE,TRANQUILLE,,,1,,187.34319822173,CCARRELLI,2018-05-10T16:46:24.000Z,CCARRELLI,2018-05-10T17:17:45.000Z,NO
625,WESTSYDE,WESTSYDE,,,3,,172.625421916379,,,CCARRELLI,2018-05-10T17:44:42.000Z,YES
626,ABERDEEN,CITY CENTRE TO ABERDEEN,,,7,,343.349425280002,,,CCARRELLI,2018-05-10T17:44:42.000Z,YES
627,WESTSYDE,WESTSYDE,,,3,,394.92040578243,,,CCARRELLI,2018-05-10T17:18:23.000Z,YES
628,NORTH SHORE TRU EXP,NORTH SHORE TRU EXPRESS,,,10,,394.92040578243,,,CCARRELLI,2018-05-10T17:18:23.000Z,YES
629,WESTSYDE,WESTSYDE,,,3,,159.700734647497,,,CCARRELLI,2018-05-10T17:18:32.000Z,YES
630,NORTH SHORE TRU EXP,NORTH SHORE TRU EXPRESS,,,10,,107.694599629027,,,CCARRELLI,2018-05-10T17:18:32.000Z,YES
631,TRANQUILLE,TRANQUILLE,,,1,,554.621140429927,CCARRELLI,2018-05-10T16:46:24.000Z,CCARRELLI,2018-05-10T17:18:32.000Z,YES
632,PARKCREST,PARKCREST,,,2,,554.621178934387,CCARRELLI,2018-05-10T16:46:49.000Z,CCARRELLI,2018-05-10T17:18:32.000Z,YES
633,NORTH SHORE TRU EXP,NORTH SHORE TRU EXPRESS,,,10,,325.543595827438,,,CCARRELLI,2018-05-10T17:38:50.000Z,YES
634,TRANQUILLE,TRANQUILLE,,,1,,321.25909360622,CCARRELLI,2018-05-10T16:46:24.000Z,CCARRELLI,2018-05-10T17:38:50.000Z,YES
635,PARKCREST,PARKCREST,,,2,,321.661929100675,CCARRELLI,2018-05-10T16:46:49.000Z,CCARRELLI,2018-05-10T17:38:50.000Z,YES
636,NORTH SHORE TRU EXP,NORTH SHORE TRU EXPRESS,,,10,,124.1678001022,,,CCARRELLI,2018-05-10T17:39:06.000Z,YES
637,TRANQUILLE,TRANQUILLE,,,1,,1620.41541064912,CCARRELLI,2018-05-10T16:46:24.000Z,CCARRELLI,2018-05-10T17:39:06.000Z,YES
638,WESTSYDE,WESTSYDE,,,3,,168.6186604839,,,CCARRELLI,2018-05-10T17:44:51.000Z,YES
639,WESTSYDE,WESTSYDE,,,3,,159.828765496878,,,CCARRELLI,2018-05-10T17:44:51.000Z,YES
640,WESTSYDE,WESTSYDE,,,3,,19.1627146335603,,,CCARRELLI,2018-05-10T17:50:00.000Z,YES
641,WESTSYDE,WESTSYDE,,,3,,17.8318362481609,,,CCARRELLI,2018-05-10T17:50:00.000Z,YES
642,WESTSYDE,WESTSYDE,,,3,,34.9666193889545,,,CCARRELLI,2018-05-10T17:50:00.000Z,YES
643,,,Not a bus route - part of frequent transit network.,,,,318.513931169088,CCARRELLI,2018-05-10T17:46:36.000Z,CCARRELLI,2018-05-10T17:46:57.000Z,YES
644,TRANQUILLE,TRANQUILLE,,,1,,2797.03434402723,CCARRELLI,2018-05-10T16:46:24.000Z,CCARRELLI,2018-05-10T17:50:00.000Z,YES
645,,,Not a bus route - part of frequent transit network.,,,,510.113135977997,CCARRELLI,2018-05-10T17:47:41.000Z,CCARRELLI,2018-05-10T17:47:56.000Z,YES
646,WESTSYDE,WESTSYDE,,,3,,172.189823173572,,,CCARRELLI,2018-05-10T17:48:51.000Z,YES
647,PARKCREST,PARKCREST,,,2,,1264.71366800997,CCARRELLI,2018-05-10T16:46:49.000Z,CCARRELLI,2018-05-10T17:50:00.000Z,YES
648,WESTSYDE,WESTSYDE,,,3,,118.817984544225,,,CCARRELLI,2018-05-10T17:50:00.000Z,YES
649,WESTSYDE,WESTSYDE,,,3,,4.4001822857494,,,CCARRELLI,2018-05-10T17:50:00.000Z,YES
650,WESTSYDE,WESTSYDE,,,3,,130.946364816596,,,CCARRELLI,2018-05-10T17:50:00.000Z,YES
651,CITY LOOP,CITY LOOP,,,6,,794.548181487348,,,CCARRELLI,2018-05-10T17:49:02.000Z,YES
652,WESTSYDE,WESTSYDE,,,3,,48.1232488101383,,,CCARRELLI,2018-05-10T17:49:02.000Z,YES
653,WESTSYDE,WESTSYDE,,,3,,46.9018790026266,,,CCARRELLI,2018-05-10T17:49:02.000Z,YES
654,WESTSYDE,WESTSYDE,,,3,,52.1640591291702,,,CCARRELLI,2018-05-10T17:49:02.000Z,YES
655,WESTSYDE,WESTSYDE,,,3,,44.4998866482477,,,CCARRELLI,2018-05-10T17:49:02.000Z,YES
656,ABERDEEN,CITY CENTRE TO ABERDEEN,,,7,,48.1232488101383,,,CCARRELLI,2018-05-10T17:49:02.000Z,YES
657,ABERDEEN,CITY CENTRE TO ABERDEEN,,,7,,46.9018790026266,,,CCARRELLI,2018-05-10T17:49:02.000Z,YES
658,ABERDEEN,CITY CENTRE TO ABERDEEN,,,7,,52.1640591291702,,,CCARRELLI,2018-05-10T17:49:02.000Z,YES
659,ABERDEEN,CITY CENTRE TO ABERDEEN,,,7,,44.4998866482477,,,CCARRELLI,2018-05-10T17:49:02.000Z,YES
660,DALLAS,DALLAS,,,17,,437.157206871654,,,CCARRELLI,2018-05-10T17:49:02.000Z,YES
661,DALLAS,DALLAS,,,17,,201.948268438907,,,CCARRELLI,2018-05-10T17:49:02.000Z,YES
662,PARKCREST,PARKCREST,,,2,,54.1478194242446,CCARRELLI,2018-05-10T16:46:49.000Z,CCARRELLI,2018-05-10T17:49:02.000Z,YES
663,PARKCREST,PARKCREST,,,2,,1478.18761600016,CCARRELLI,2018-05-10T16:46:49.000Z,CCARRELLI,2018-05-10T17:49:02.000Z,YES
664,BATTLE,BATTLE,,,8,,631.205485080376,CCARRELLI,2018-05-10T17:08:26.000Z,CCARRELLI,2018-05-10T17:49:02.000Z,YES
665,GLENEAGLES,GLENEAGLES,,,9,,883.607845498912,CCARRELLI,2018-05-10T17:08:26.000Z,CCARRELLI,2018-05-10T17:49:02.000Z,YES
666,JUNIPER RIDGE,JUNIPER RIDGE,,,16,,537.444865526624,CCARRELLI,2018-05-10T17:10:49.000Z,CCARRELLI,2018-05-10T17:49:02.000Z,YES
667,WESTSYDE,WESTSYDE,,,3,,98.2481769391337,,,CCARRELLI,2018-05-10T17:50:00.000Z,YES
668,WESTSYDE,WESTSYDE,,,3,,4.37291773800266,,,CCARRELLI,2018-05-10T17:50:00.000Z,YES
669,GLENEAGLES,GLENEAGLES,,,9,,2254.30469026945,CCARRELLI,2018-05-10T17:02:53.000Z,CCARRELLI,2018-05-10T17:02:53.000Z,NO
670,PACIFIC WAY,PACIFIC WAY,,,4,,54.6300578075877,CCARRELLI,2018-05-10T17:04:14.000Z,CCARRELLI,2018-05-10T17:04:32.000Z,NO
671,PINEVIEW,PINEVIEW,,,5,,54.6300578075865,CCARRELLI,2018-05-10T17:04:24.000Z,CCARRELLI,2018-05-10T17:04:32.000Z,NO
672,BATTLE,BATTLE,,,8,,335.103340550643,CCARRELLI,2018-05-10T17:06:32.000Z,CCARRELLI,2018-05-10T17:06:32.000Z,NO
673,BATTLE,BATTLE,,,8,,7.37026304080735,CCARRELLI,2018-05-10T17:06:32.000Z,CCARRELLI,2018-05-10T17:06:32.000Z,NO
674,BATTLE,BATTLE,,,8,,970.43730728681,CCARRELLI,2018-05-10T17:06:32.000Z,CCARRELLI,2018-05-10T17:06:40.000Z,YES
675,ABERDEEN,CITY CENTRE TO ABERDEEN,BATTLE,,7,,459.673431375484,,,CCARRELLI,2018-05-10T17:06:58.000Z,YES
676,GLENEAGLES,GLENEAGLES,,,9,,1021.2341957004,,,CCARRELLI,2018-05-10T17:07:07.000Z,YES
677,ABERDEEN,CITY CENTRE TO ABERDEEN,BATTLE,,7,,169.368057362059,,,CCARRELLI,2018-05-10T17:07:20.000Z,YES
678,GLENEAGLES,GLENEAGLES,,,9,,434.728885186559,CCARRELLI,2018-05-10T17:02:53.000Z,CCARRELLI,2018-05-10T17:07:36.000Z,YES
679,ABERDEEN,CITY CENTRE TO ABERDEEN,,,7,,104.254161248378,,,CCARRELLI,2018-05-10T17:08:03.000Z,YES
680,ABERDEEN,CITY CENTRE TO ABERDEEN,,,7,,158.433507187435,,,CCARRELLI,2018-05-10T17:08:03.000Z,YES
681,ABERDEEN,CITY CENTRE TO ABERDEEN,,,7,,30.1846263312304,,,CCARRELLI,2018-05-10T17:08:13.000Z,YES
682,PARKCREST,PARKCREST,,,2,,988.526921401451,CCARRELLI,2018-05-10T16:46:49.000Z,CCARRELLI,2018-05-10T17:39:06.000Z,YES
683,WESTSYDE,WESTSYDE,,,3,,48.4824068667321,,,CCARRELLI,2018-05-10T17:39:40.000Z,YES
684,WESTSYDE,WESTSYDE,,,3,,37.0516289463182,,,CCARRELLI,2018-05-10T17:39:40.000Z,YES
685,PARKCREST,PARKCREST,TRANQUILLE,,2,,1635.81331540401,,,CCARRELLI,2018-05-10T17:39:40.000Z,YES
686,YELLOWHEAD,YELLOWHEAD,,,13,,830.686595344426,,,CCARRELLI,2018-05-10T17:39:40.000Z,YES
687,TRANQUILLE,TRANQUILLE,,,1,,1299.65680105323,CCARRELLI,2018-05-10T16:46:24.000Z,CCARRELLI,2018-05-10T17:39:40.000Z,YES
688,WESTSYDE,WESTSYDE,,,3,,60.5851172760741,,,CCARRELLI,2018-05-10T17:40:05.000Z,YES
689,NORTH SHORE TRU EXP,NORTH SHORE TRU EXPRESS,,,10,,1411.95937793416,,,CCARRELLI,2018-05-10T17:40:05.000Z,YES
690,PARKCREST,PARKCREST,,,2,,5217.46306976522,,,CCARRELLI,2018-05-10T17:40:17.000Z,NO
691,PARKCREST,PARKCREST,,,2,,694.504637811501,CCARRELLI,2018-05-10T17:40:17.000Z,CCARRELLI,2018-05-10T17:40:22.000Z,NO
692,TRANQUILLE,TRANQUILLE,,,1,,3635.58041731351,CCARRELLI,2018-05-10T16:46:24.000Z,CCARRELLI,2018-05-10T17:40:30.000Z,YES
693,PARKCREST,PARKCREST,,,2,,370.415927298948,CCARRELLI,2018-05-10T17:40:22.000Z,CCARRELLI,2018-05-10T17:40:30.000Z,YES
694,JUNIPER RIDGE,JUNIPER RIDGE,,,16,,48.7197629605258,,,CCARRELLI,2018-05-10T17:41:35.000Z,YES
695,JUNIPER RIDGE,JUNIPER RIDGE,,,16,,147.624799615441,,,CCARRELLI,2018-05-10T17:41:35.000Z,YES
696,JUNIPER RIDGE,JUNIPER RIDGE,,,16,,1542.74554482025,CCARRELLI,2018-05-10T16:35:27.000Z,CCARRELLI,2018-05-10T17:41:35.000Z,YES
697,JUNIPER RIDGE,JUNIPER RIDGE,,,16,,1452.87291575826,,,CCARRELLI,2018-05-10T17:42:02.000Z,NO
698,JUNIPER RIDGE,JUNIPER RIDGE,,,16,,217.617802330554,,,CCARRELLI,2018-05-10T17:42:09.000Z,YES
699,DALLAS,DALLAS,,,17,,1679.86397721724,,,CCARRELLI,2018-05-10T17:42:09.000Z,YES
700,DALLAS,DALLAS,,,17,,103.072743048458,,,CCARRELLI,2018-05-10T17:42:09.000Z,YES
701,DALLAS,DALLAS,,,17,,277.227371688696,,,CCARRELLI,2018-05-10T17:42:09.000Z,YES
702,DALLAS,DALLAS,,,17,,2140.50918190331,,,CCARRELLI,2018-05-10T18:09:10.000Z,NO
703,DALLAS,DALLAS,,,17,,4046.67524100634,,,CCARRELLI,2018-05-10T18:10:55.000Z,NO
704,DALLAS,DALLAS,,,17,,3981.46006840351,,,CCARRELLI,2018-05-10T18:11:27.000Z,NO
705,BATTLE,BATTLE,,,8,,1477.08927998524,,,CCARRELLI,2018-05-10T17:43:37.000Z,NO
706,BATTLE,BATTLE,,,8,,303.268016163687,CCARRELLI,2018-05-10T17:44:08.000Z,CCARRELLI,2018-05-10T17:44:08.000Z,NO
707,WESTSYDE,WESTSYDE,,,3,,170.550685447262,,,CCARRELLI,2018-05-10T17:44:19.000Z,YES
708,,,This is a future route.,,,,1878.27912323984,CCARRELLI,2018-05-10T18:26:14.000Z,CCARRELLI,2018-05-10T18:26:21.000Z,NO
709,ABERDEEN,CITY CENTRE TO ABERDEEN,,,7,,170.549668228789,,,CCARRELLI,2018-05-10T17:44:19.000Z,YES
710,GLENEAGLES,GLENEAGLES,,,9,,170.550685447262,CCARRELLI,2018-05-10T17:09:45.000Z,CCARRELLI,2018-05-10T17:44:19.000Z,YES
711,BATTLE,BATTLE,,,8,,341.274051977074,CCARRELLI,2018-05-10T17:43:38.000Z,CCARRELLI,2018-05-10T17:44:19.000Z,YES
712,CITY LOOP,CITY LOOP,,,6,,170.550685447262,CCARRELLI,2018-05-10T17:43:53.000Z,CCARRELLI,2018-05-10T17:44:19.000Z,YES
713,DALLAS,DALLAS,,,17,,50.8590722203259,,,CCARRELLI,2018-05-10T17:15:40.000Z,NO
714,DALLAS,DALLAS,,,17,,49.3862540161887,,,CCARRELLI,2018-05-10T17:15:40.000Z,NO
715,CITY LOOP,CITY LOOP,,,6,,190.823386359708,CCARRELLI,2018-05-10T17:14:25.000Z,CCARRELLI,2018-05-10T17:15:40.000Z,NO
716,DALLAS,DALLAS,,,17,,93.3904263076525,CCARRELLI,2018-05-10T17:14:40.000Z,CCARRELLI,2018-05-10T17:15:40.000Z,NO
717,GLENEAGLES,GLENEAGLES,,,9,,190.823386359708,CCARRELLI,2018-05-10T17:15:16.000Z,CCARRELLI,2018-05-10T17:15:40.000Z,NO
718,JUNIPER RIDGE,JUNIPER RIDGE,,,16,,193.637169249982,CCARRELLI,2018-05-10T17:15:31.000Z,CCARRELLI,2018-05-10T17:15:40.000Z,NO
719,WESTSYDE,WESTSYDE,,,3,,234.54335745796,,,CCARRELLI,2018-05-10T17:15:52.000Z,YES
720,WESTSYDE,WESTSYDE,,,3,,83.3531068451707,,,CCARRELLI,2018-05-10T17:15:52.000Z,YES
721,ABERDEEN,CITY CENTRE TO ABERDEEN,,,7,,52.1739318094173,,,CCARRELLI,2018-05-10T17:44:30.000Z,NO
722,ABERDEEN,CITY CENTRE TO ABERDEEN,,,7,,47.6034121963781,,,CCARRELLI,2018-05-10T17:44:30.000Z,NO
723,WESTSYDE,WESTSYDE,,,3,,122.784750841005,,,CCARRELLI,2018-05-10T17:16:09.000Z,YES
724,WESTSYDE,WESTSYDE,,,3,,24.8307522658229,,,CCARRELLI,2018-05-10T17:16:19.000Z,YES
725,WESTSYDE,WESTSYDE,,,3,,47.0172993167992,,,CCARRELLI,2018-05-10T17:16:34.000Z,YES
726,WESTSYDE,WESTSYDE,,,3,,86.3442328480297,,,CCARRELLI,2018-05-10T17:16:34.000Z,YES
727,ABERDEEN,CITY CENTRE TO ABERDEEN,,,7,,50.3787522767934,,,CCARRELLI,2018-05-10T17:44:30.000Z,NO
728,MT PAUL,MT PAUL,,,18,,1121.74363127782,DKLASSEN,2018-09-07T21:16:48.000Z,DKLASSEN,2018-09-07T21:16:48.000Z,NO
729,MT PAUL,MT PAUL,,,18,,6620.83873072789,DKLASSEN,2018-09-07T21:16:48.000Z,DKLASSEN,2018-09-07T21:16:48.000Z,NO
730,MT PAUL,MT PAUL,,,18,,2187.52245845137,DKLASSEN,2018-09-07T21:16:48.000Z,DKLASSEN,2018-09-07T21:16:48.000Z,NO
731,MT PAUL,MT PAUL,,,18,,3745.8062480106,DKLASSEN,2018-09-07T21:16:48.000Z,DKLASSEN,2018-09-07T21:16:48.000Z,NO
732,MT PAUL,MT PAUL,,,18,,632.217218238812,DKLASSEN,2018-09-07T21:16:48.000Z,DKLASSEN,2018-09-07T21:16:48.000Z,NO
733,MT PAUL,MT PAUL,,,18,,234.176851594038,DKLASSEN,2018-09-07T21:16:48.000Z,DKLASSEN,2018-09-07T21:16:48.000Z,NO
734,MT PAUL,MT PAUL,,,18,,2134.91280641007,DKLASSEN,2018-09-07T21:16:48.000Z,DKLASSEN,2018-09-07T21:16:48.000Z,NO
735,MT PAUL,MT PAUL,,,18,,2958.83108943822,DKLASSEN,2018-09-07T21:16:48.000Z,DKLASSEN,2018-09-07T21:16:48.000Z,NO
736,BATCHELOR HILLS,BATCHELOR HILLS,,,14,,339.972380492605,,,DKLASSEN,2018-09-19T21:39:52.000Z,NO
737,BATCHELOR HILLS,BATCHELOR HILLS,,,14,,131.060013982049,DKLASSEN,2018-09-19T21:39:53.000Z,DKLASSEN,2018-09-19T21:39:53.000Z,NO
738,BATCHELOR HILLS,BATCHELOR HILLS,,,14,,945.491158302606,DKLASSEN,2018-09-19T21:41:14.000Z,DKLASSEN,2018-09-19T23:12:42.000Z,NO
739,BATCHELOR HILLS,BATCHELOR HILLS,,,14,,678.187970527737,DKLASSEN,2018-09-19T21:41:00.000Z,DKLASSEN,2018-09-19T23:12:43.000Z,NO
740,BATCHELOR HILLS,BATCHELOR HILLS,,,14,,93.927056641466,DKLASSEN,2018-09-19T21:40:32.000Z,DKLASSEN,2018-09-19T23:12:43.000Z,NO
741,BATCHELOR HILLS,BATCHELOR HILLS,,,14,,805.500749653295,DKLASSEN,2018-09-19T21:41:29.000Z,DKLASSEN,2018-09-19T23:12:43.000Z,NO
